source_record_id,appointment_start,corrected_start,appointment_end,evidence_source,evidence_date,evidence_note
lula_2023_presente:2:46,2023-08-03,2023-07-18,,https://imagem.camara.gov.br/Imagem/d/pdf/DCD0020230722001330000.PDF,2023-07-22,Official Câmara leave record explicitly gives 18 July as date of taking office as minister; 3 August was public ceremony.
lula_2023_presente:2:15,2024-09-27,2024-09-11,,https://diariolegislativo.almg.gov.br/2024/L20240911.pdf | https://pt.org.br/lula-empossa-ministra-dos-direitos-humanos-e-da-cidadania-macae-evaristo/,2024-09-11 | 2024-09-27,Official ALMG diary p24 gives leave effective 11 September to assume ministry; party account of public ceremony on 27 September explicitly says she had served since 11 September.
lula_2023_presente:2:14,2024-09-06,2024-09-06,2024-09-11,https://diariolegislativo.almg.gov.br/2024/L20240911.pdf,2024-09-11,"Interim appointment ends at successor Macaé Evaristo taking office on 11 September, rather than her 27 September public ceremony. Retain repository inclusive transition-day convention."
lula_2023_presente:2:60,2025-01-07,2025-01-14,,https://www.in.gov.br/web/dou/-/decretos-de-14-de-janeiro-de-2025-607005543 | https://www.gov.br/planalto/pt-br/acompanhe-o-planalto/noticias/2025/01/sidonio-palmeira-assume-a-secom-da-presidencia-da-republica,2025-01-14,Appointment decree and inauguration both 14 January; 7 January in pinned table is announcement.
lula_2023_presente:2:21,2026-03-19,2026-03-20,,https://static.poder360.com.br/2026/03/Lula-exonera-Haddad-DOU-19-mar-2026.pdf | https://agenciabrasil.ebc.com.br/economia/noticia/2026-03/durigan-diz-ter-medidas-alternativas-se-icms-do-diesel-nao-avancar,2026-03-20,Decree signed 19 March published 20 March; official Agência Brasil explicitly says Durigan assumed office Friday 20 March. This appointment begins after frozen analysis cutoff 19 March and is excluded from production.
lula_2023_presente:2:20,2023-01-01,2023-01-01,2026-03-20,https://static.poder360.com.br/2026/03/Lula-exonera-Haddad-DOU-19-mar-2026.pdf,2026-03-20,Haddad removal published 20 March together with successor appointment. Last included date remains frozen cutoff 19 March.
lula_2023_presente:2:58,2023-01-01,2023-01-01,2024-05-15,https://noticias.uol.com.br/politica/ultimas-noticias/2024/05/15/pimenta-e-novo-ministro-de-reconstrucao-do-rs-informa-diario-oficial.htm | https://agenciagov.ebc.com.br/noticias/202409/secretaria-da-reconstrucao-rio-grande-sul-casa-civil,2024-05-15 | 2024-09-10,SOURCE SPELL SPLIT: Pimenta exonerated from Secom 15 May to take RS reconstruction appointment; returns in a NEW Secom appointment 12 September 2024 through 14 January 2025. Derived stable key lula_2023_presente:2:58:appointment-2024-09-12; original source key preserved in provenance.
lula_2023_presente:2:59,2024-05-15,2024-05-15,2024-09-12,https://agenciagov.ebc.com.br/noticias/202409/secretaria-da-reconstrucao-rio-grande-sul-casa-civil | https://noticias.uol.com.br/ultimas-noticias/agencia-estado/2024/09/11/paulo-pimenta-volta-a-secom-e-reconstrucao-do-rs-fica-sob-responsabilidade-da-casa-civil.amp.htm,2024-09-10 | 2024-09-11,"Laércio Portela interim ends with Pimenta return 12 September, when RS ministry expires; 10 September is decree publication before effective change. Retain inclusive transition-day convention."
lula_2023_presente:2:61,2024-05-15,2024-05-15,2024-09-12,https://agenciagov.ebc.com.br/noticias/202409/secretaria-da-reconstrucao-rio-grande-sul-casa-civil,2024-09-10,Official account says ministry legal authority expires 12 September and responsibilities transfer that day to Casa Civil; Pimenta returns to Secom then. 10 September was decree publication before effective change.
