discrepancy_id,person,office,party,affected_interval,source_record_ids,existing_assignment,proposed_contemporaneous_treatment,evidence_ids,composition_effect,problem_type,unresolved_evidence_or_decision,coverage_start,coverage_end_exclusive,composition_completeness
OCC-001,Marcos Pereira,MDIC,PRB source candidate,2016-05-12/2018-01-04,michel_temer:0:26,The whole office is absent from the allowlist; the pinned PRB row is dropped.,Add actual MDIC service with effective endpoints and dated PRB affiliation.,OFF-003;OFF-012;OFF-013,Possible additional PRB representation through the missing office.,office_scope;occupancy,Entry and exit acts; search for affiliation changes during service.,2015-01-01,2026-03-20,not_certified
OCC-002,Marcos Jorge de Lima,MDIC,PRB documented 2018-04-10,2018-01-03/2019-01-01,michel_temer:0:27,The office is absent; the pinned row starts January 4.,Add vacancy acting service followed by any titular appointment. A capacity change alone need not change the party set.,OFF-013;OFF-018;OFF-049,PRB membership witness on April 10 is missing from both retained sets; full tenure not certified.,office_scope;occupancy;date_semantics,Resolve January 3 versus 4 and titular conversion; check affiliation continuity.,2015-01-01,2026-03-20,not_certified
OCC-003,Geddel Vieira Lima,Secretaria de Governo,,2016-05-12/2016-11-26,michel_temer:0:50,The Segov office is absent from the allowlist and this person is dropped.,Add qualifying service; keep occupancy gaps unresolved until acting or vacancy evidence is found.,OFF-003;OFF-012;OFF-013,Aggregate effect not certified; the source party may also have other representatives.,office_scope;occupancy,Full tenure and formal affiliation checks.,2015-01-01,2026-03-20,not_certified
OCC-004,Antônio Imbassahy,Secretaria de Governo,,2017-02-03/2017-12-16,michel_temer:0:51,The Segov office is absent from the allowlist and this person is dropped.,Add qualifying service; keep occupancy gaps unresolved until acting or vacancy evidence is found.,OFF-003;OFF-012;OFF-013,Aggregate effect not certified; the source party may also have other representatives.,office_scope;occupancy,Full tenure and formal affiliation checks.,2015-01-01,2026-03-20,not_certified
OCC-005,Carlos Marun,Secretaria de Governo,,2017-12-15/2018-12-29,michel_temer:0:52,The Segov office is absent from the allowlist and this person is dropped.,Add qualifying service; keep occupancy gaps unresolved until acting or vacancy evidence is found.,OFF-003;OFF-012;OFF-013,Aggregate effect not certified; the source party may also have other representatives.,office_scope;occupancy,Full tenure and formal affiliation checks.,2015-01-01,2026-03-20,not_certified
OCC-006,Edson Duarte,Meio Ambiente,PV,2018-04/2019-01,michel_temer:0:39,"Blank raw office cell causes omission; source end is December 31, 2019.",Add acting service during vacancy and any later titular capacity; resolve final date from evidence.,OFF-015;OFF-016;OFF-017,"PV witness on November 21, 2018 is absent from both retained sets; earlier boundary uncertain.",occupancy;office_scope;date_semantics,Exact first and last service days; do not back-project November affiliation without supporting continuity evidence.,2015-01-01,2026-03-20,not_certified
OCC-007,Joaquim de Lima Oliveira,Secretaria-Geral,,2018-04/2018-05,michel_temer:0:54,Pinned interim row has no dates and is omitted.,Retain an unresolved occupancy candidate between Moreira Franco and Ronaldo Fonseca.,OFF-002,Unknown occupancy and affiliation can affect composition.,occupancy;missing_evidence,Management roster and designation/end acts.,2015-01-01,2026-03-20,not_certified
OCC-008,Cristiane Brasil,Trabalho,PTB source label,2018-01/2018-02,michel_temer:0:58,Excluded; the pinned row says she did not assume office.,"Retain nomination and court events, with no service spell unless entry evidence exists.",OFF-002,No membership from this candidate non-entry; the actual vacancy holder still matters.,occupancy,Recheck cancellation and Helton Yomura acting service.,2015-01-01,2026-03-20,not_certified
OCC-009,Onyx Lorenzoni,Ministro extraordinário da transição,DEM in source; continuity pending,2018-11-05/2019-01-01,michel_temer:0:68,Office dropped despite statutory Minister of State designation.,Include actual extraordinary minister service and retain transition purpose as metadata.,OFF-031;OFF-032;OFF-033,Possible DEM witness; determine whether other qualifying DEM witnesses make it redundant.,office_scope;occupancy,Termination act and affiliation continuity; no exemption for transition purpose is needed under the primary rule.,2015-01-01,2026-03-20,not_certified
OCC-010,Geraldo Alckmin,Coordenação da transição CETG-VII,PSB,2022-11-04/2023-01-01,jair_bolsonaro:0:67,Dropped; Wikipedia labels the role ministerial and gives November 1.,Exclude the CETG role under the legal Minister of State criterion; retain the rejected source candidate.,OFF-031;OFF-034,No PSB contribution through this transition role under the primary rule.,office_scope,Pin original CETG appointment and exact TCU decision identifier. It is a different legal office from Onyx in 2018.,2015-01-01,2026-03-20,not_certified
OCC-011,Onyx Lorenzoni,Trabalho e Previdência,DEM;UNIÃO;PL source alternatives,2021-07-28/2022-03-31,jair_bolsonaro:0:6,"Omitted source row incorrectly starts January 1, 2019.","Add actual service in the ministry created in 2021; document DEM, UNIÃO and PL events only where supported.",OFF-023;OFF-024,Potential first or last party witness; freezing DEM would be invalid.,office_scope;occupancy;date_semantics,Possession and departure records; personal switching and organizational events during tenure.,2015-01-01,2026-03-20,not_certified
OCC-012,José Carlos Oliveira,Trabalho e Previdência,,2022-03-31/2023-01-01,jair_bolsonaro:0:7,Omitted from the selected inventory.,"Add qualifying officeholding beginning with the documented March 31, 2022 appointment and possession.",OFF-023;OFF-025,Unknown affiliation can add a party.,office_scope;occupancy,"Dated affiliation or explicit nonaffiliation, with in-tenure change search.",2015-01-01,2026-03-20,not_certified
OCC-013,Roberto Campos Neto,Presidência Banco Central,,2019-02-28/2021-02-25,jair_bolsonaro:0:23,Excluded from Bolsonaro inventory despite a pinned source row.,Include service while Minister of State status lasts; exclude the presidency after LC179 takes effect.,OFF-019;OFF-020;OFF-021;OFF-022,Unknown historical affiliation can add a party; status loss may end representation.,office_scope;occupancy,Affiliation evidence at entry and throughout qualifying service under persistence rules.,2015-01-01,2026-03-20,not_certified
OCC-014,Alexandre Tombini,Presidência Banco Central,,2016-05-12/2016-06-09,dilma_rousseff:1:11,Dilma row is clipped on May 11; Temer source begins with Ilan on June 9.,Carry the incumbent across the administration boundary until actual effective departure.,OFF-021,Unresolved affiliation continuity; administrative clipping cannot prove a vacancy.,occupancy,Effective end semantics and affiliation continuity.,2015-01-01,2026-03-20,not_certified
OCC-015,Ilan Goldfajn,Presidência Banco Central,,2019-01-01/2019-02-28,michel_temer:0:4,"Temer source runs into February 2019 but active slice ends December 31, 2018.",Preserve uninterrupted BCB service across the administration reporting boundary.,OFF-019;OFF-021;OFF-022,Unresolved historical affiliation; clipping cannot prove vacancy.,occupancy,Reconcile gallery publication-date convention with successor possession February 28.,2015-01-01,2026-03-20,not_certified
OCC-016,Antonio Paulo Vogel,Educação,,2020-06-20/2020-07-16,jair_bolsonaro:0:42,Dropped because start field contains malformed multiple dates.,Add evidenced vacancy acting service; Decotelli non-entry does not automatically interrupt it.,OFF-029;OFF-030,Unknown affiliation and uncertain service boundaries can affect composition.,occupancy;date_semantics,Responsibility roster and service acts from Weintraub departure to Milton entry.,2015-01-01,2026-03-20,not_certified
OCC-017,Wellington César Lima e Silva,Justiça,,2016-03-03/2016-03-17,dilma_rousseff:1:52,Whole appointment excluded because source mentions suspension.,"Retain actual March 3 entry, then document legal restrictions and effective departure.",OFF-009;OFF-010;OFF-011,Unknown affiliation can affect the brief interval; redundancy is a separate aggregate question.,occupancy;temporal_rule,Operative judgment and dismissal act; March 14 announcement is not automatically the effective end.,2015-01-01,2026-03-20,not_certified
OCC-018,Luiz Inácio Lula da Silva,Casa Civil,PT,2016-03-17/2016-03-22,dilma_rousseff:1:14,Excluded by the non-entry/suspension treatment.,"Retain the signed term and court events; adjudicate legally effective service, including any brief span invisible to daily sampling.",OFF-047,PT is represented by other documented ministers; legal occupancy still requires accurate recording.,occupancy;temporal_rule,Judgment sequence and relief: distinguish entry followed by suspension from a void appointment without effective service.,2015-01-01,2026-03-20,not_certified
OCC-019,Jaques Wagner,Gabinete Pessoal,PT,2016-03-17/2016-05-12,,Missing office and service after his Casa Civil departure.,Add the ministerial office created March 16 and evidenced Wagner service from March 17.,OFF-008;OFF-009,PT is redundant if other qualifying PT witnesses are confirmed; no automatic new composition.,office_scope;occupancy,Effective entry and departure acts; affiliation continuity.,2015-01-01,2026-03-20,not_certified
OCC-020,Carlos Decotelli,Educação,,2020-06-25/2020-07-01,jair_bolsonaro:0:41,Included as holding office June 25 through June 30.,No officeholding spell; retain nomination and cancellation as events.,OFF-029;OFF-030,No party from Decotelli under the prior explicit nonaffiliation finding; actual vacancy occupancy remains a separate uncertainty.,occupancy,Reacquire DOU cancellation and document Vogel service instead of filling the gap by assumption.,2015-01-01,2026-03-20,not_certified
OCC-021,Flávia Arruda,Secretaria de Governo,PL,2021-03-20/2021-04-06,jair_bolsonaro:0:47,"Starts March 20, 2021.",Propose March 31 service from management record and parliamentary leave; retain appointment act March 30 and ceremony April 6 separately.,OFF-026;OFF-027;OFF-028,Possible boundary change if PL lacks another qualifying representative.,date_semantics;occupancy,Pin appointment and term; reassess if contradictory effective-service evidence emerges.,2015-01-01,2026-03-20,not_certified
OCC-022,André Mendonça; Anderson Torres,AGU; Justiça,,2021-03-20/2021-03-30,jair_bolsonaro:0:31;jair_bolsonaro:0:14,Mendonça AGU starts March 20; Torres Justice starts March 29.,March 20 is unsupported; distinguish the March 29 appointment event from reported March 30 possession.,OFF-051,Unknown affiliation and service boundary uncertainty can affect composition.,date_semantics,Recheck the preserved Reuters March 30 report and obtain appointment/service acts; not resolved by this subaudit.,2015-01-01,2026-03-20,not_certified
OCC-023,Luiz Eduardo Ramos,Segov; Casa Civil; Secretaria-Geral,,2019-06/2021-08,jair_bolsonaro:0:46;jair_bolsonaro:0:3;jair_bolsonaro:0:38,"Segov starts June 13, 2019; Casa Civil March 29, 2021; SG July 28, 2021.","Separate appointment, management period and ceremony. The 2021 roster shows Casa Civil April 1 and SG July 28.",OFF-027,Affiliation and some boundaries remain unknown; apply the primary capacity rule.,date_semantics;occupancy,"Individual terms and acts, including 2019 June 13 versus July 4; roster has an unrelated Ciro date conflict.",2015-01-01,2026-03-20,not_certified
OCC-024,Paulo Pimenta; Laércio Portela,Secom; RS reconstruction,PT; Portela unresolved,2024-05-15/2025-01-14,lula_2023_presente:2:58;lula_2023_presente:2:59;lula_2023_presente:2:61,One continuous Pimenta Secom row overlaps RS service; Portela and RS end September 10.,Split Secom before RS service and after September 12 return; record Portela as vacancy acting holder and verify RS legal office expiry separately.,OFF-037;OFF-038;OFF-039;OFF-040;OFF-043,PT has other representatives; unknown Portela affiliation can still affect composition.,occupancy;date_semantics;office_scope,"May 15 dismissal/appointment, September 12 service return, MP expiry and Portela affiliation.",2015-01-01,2026-03-20,not_certified
OCC-025,Celso Sabino,Turismo,UNIÃO,2023-07-18/2023-08-03,lula_2023_presente:2:46,Starts at the August 3 public ceremony.,"Use documented July 18, 2023 actual taking-office date and retain the later ceremony.",OFF-041,UNIÃO may already be represented; later 2025 affiliation changes are a separate task.,date_semantics,Pin the official diary file and predecessor Daniela Carneiro effective departure.,2015-01-01,2026-03-20,not_certified
OCC-026,Macaé Evaristo; Esther Dweck,Direitos Humanos,PT,2024-09-11/2024-09-27,lula_2023_presente:2:14;lula_2023_presente:2:15,Macaé starts and Esther interim ends on September 27.,Use September 11 service entry/acting end; preserve September 27 ceremony.,OFF-042,PT may be redundant; Esther also independently holds MGI.,date_semantics;occupancy,Pin appointment/management record and finish relevant affiliation histories.,2015-01-01,2026-03-20,not_certified
OCC-027,Sidônio Palmeira; Paulo Pimenta,Secom,,2025-01-07/2025-01-14,lula_2023_presente:2:58;lula_2023_presente:2:60,Sidônio starts January 7 and Pimenta ends January 8.,Use January 14 appointment and actual entry boundary; January 7 is an announcement.,OFF-043,Known January 14 nonaffiliation generates no Sidônio party; earlier source uncertainty is partly an occupancy error.,date_semantics;occupancy,Retain DOU and signed term; establish Pimenta service through effective end.,2015-01-01,2026-03-20,not_certified
OCC-028,Dario Durigan; Fernando Haddad,Fazenda,,2026-03-19/2026-03-20,lula_2023_presente:2:20;lula_2023_presente:2:21,Dario starts March 19 and is included on the cutoff.,Actual March 20 entry falls outside coverage; distinguish decree signing from publication and service.,OFF-044;OFF-045,Removes unsupported Dario occupancy on March 19; full cabinet set still not certified.,date_semantics;occupancy,Retain the out-of-scope event without extending release; establish Haddad effective end from act.,2015-01-01,2026-03-20,not_certified
OCC-029,Wellington César; Manoel Carlos,Justiça,,2026-01-13/2026-01-15,lula_2023_presente:2:27;lula_2023_presente:2:28,"Transition is placed on January 13, 2026.",Keep January 13–15 bounded uncertainty; later ceremony does not override evidence of earlier legally effective exercise.,OFF-046,Unknown affiliations or timing can change membership or an internal boundary.,date_semantics;occupancy,"Signed term, management roster, January 14 signed act and appointment publication.",2015-01-01,2026-03-20,not_certified
OCC-030,Miguel Rossetto;Nilma Gomes;Ricardo Berzoini;other reshuffled ministers,Dilma 2015 reorganizations,,2015-10-02/2015-10-05,,Obsolete office identities continue and several starts/ends use October 2.,"Cargo transformations take effect October 5 publication; service, ceremony and regimental structure changes are separate facts.",OFF-005;OFF-006;OFF-007,Possible first/last party boundaries around October 2–5; do not apply a blanket date shift.,office_scope;date_semantics,Individual terms and acts plus regimental decrees and affiliation witnesses across the boundary.,2015-01-01,2026-03-20,not_certified
OCC-031,All incumbents,All qualifying offices,,2015-01-01/2026-03-20,,The 257 selected records produce 93 inclusive overlap pairs and 28 gap pairs.,Adjudicate the 121 flags using actual half-open service; 87 same-day pairs are not proof of simultaneous representation.,OFF-002;OFF-003,"Undetermined: these are source-date diagnostics, not certified party-set changes.",date_semantics;occupancy,"Never fill gaps automatically; distinguish unknown occupancy, actual vacancy and excluded office status.",2015-01-01,2026-03-20,not_certified
OCC-032,Jorge Oliveira; Pedro Cesar Sousa,Secretaria-Geral,,2020-10-07/2020-12-31,jair_bolsonaro:0:35;jair_bolsonaro:0:36,"Jorge runs through December 31 while Pedro starts October 7, 2020.",Resolve Jorge actual departure versus announcement and Pedro temporary versus vacancy capacity before counting witnesses.,OFF-002;OFF-003,Unknown Pedro affiliation can matter; the occupancy classification is missing.,occupancy;temporal_rule,Official service/end and substitute acts; October 7 may refer to Jorge TCU nomination announcement.,2015-01-01,2026-03-20,not_certified
