search_scope_id,administration,people_or_organizations,scope,search_date,result_limitation
AFF-Q01,Dilma II,George Hilton; Cid Gomes,Prior entry records screened; targeted George Hilton PRB departure and PROS entry queries; Cid later PDT label treated as unextended lead,2026-09-10,No individual full-tenure census; Cid later switch not newly documented
AFF-Q02,Temer,Maurício Quintella; Helton Yomura; Henrique Meirelles; Alexandre Baldy,Prior evidence reuse plus name/party/filiação/desfiliação dated-source searches,2026-09-10,Positive event or corroboration found; no claim every day or person fully searched
AFF-Q03,Temer,Raul Jungmann; Grace Mendonça; Alexandre de Moraes; Marx Beltrão,Prior notes screened for departure leads; targeted departure and effective-date searches,2026-09-10,Grace intention remains incomplete; Marx effective timing relative to office end unresolved
AFF-Q04,Bolsonaro,Pontes; Damares; Heleno; Tarcísio; Anderson Torres,Prior named findings reopened; searches for dated affiliation events and contradictory historical claims,2026-09-10,Heleno contrary biography unresolved; Damares departure conflict; Torres certificate not retrieved
AFF-Q05,Bolsonaro,Salles; Marinho; Faria; Onyx; Tereza; Roma; Braga Netto; Gilson,Targeted suspension/expulsion/party-entry and 2022 switching searches,2026-09-10,Salles legal effect and several effective days unresolved; coverage is targeted not exhaustive
AFF-Q06,Bolsonaro,Queiroga; Adolfo Sachsida,Search for historical party departures and later affiliations; inspect relevance to actual service,2026-09-10,Queiroga post-service PL event found; Sachsida ministerial status not established
AFF-Q07,Lula III,Anielle; Celso Sabino; André Fufuca; Waldez; Daniela; Frederico; Gustavo,Entry evidence reused and targeted PT entry; União expulsion; PP internal sanction; PDT leave; pending withdrawal searches,2026-09-10,Later ministers retain limited forward coverage; sponsor-party reports do not establish formal status
AFF-Q08,All four,Party organizational events,TSE registry and dated decision/report queries for renames; mergers; incorporations; federation distinction,2026-09-10,PR/PL registry date conflicts; some registry event entries still require operative judgment verification
AFF-Q09,All four,Remaining inherited appointments,All appointment evidence/notes screened as research materials; no individualized new search certification,2026-09-10,Must not classify these histories as temporally verified
