source_record_id,page,table_index,row_index,in_previous_257,cells_json,coverage_start,coverage_end_exclusive,coverage_status
dilma_rousseff:1:1,dilma_rousseff,1,1,True,"[""Advocacia-Geral da União"", """", ""Luís Inácio Adams"", ""—"", ""1º de janeiro de 2015"", ""3 de março de 2016"", ""[ 1 ]""]",2015-01-01,2026-03-20,pinned_source_inventory_only_not_population_certified
dilma_rousseff:1:2,dilma_rousseff,1,2,True,"[""Advocacia-Geral da União"", """", ""José Eduardo Cardozo"", ""PT"", ""3 de março de 2016"", ""12 de maio de 2016 (impeachment de Dilma Rousseff)"", ""[ 34 ]""]",2015-01-01,2026-03-20,pinned_source_inventory_only_not_population_certified
dilma_rousseff:1:3,dilma_rousseff,1,3,True,"[""Ministério da Agricultura, Pecuária e Abastecimento"", """", ""Kátia Abreu"", ""MDB"", ""1º de janeiro de 2015"", ""12 de maio de 2016 (impeachment de Dilma Rousseff)"", ""[ 1 ]""]",2015-01-01,2026-03-20,pinned_source_inventory_only_not_population_certified
dilma_rousseff:1:4,dilma_rousseff,1,4,True,"[""Secretaria de Assuntos Estratégicos"", """", ""Marcelo Neri"", ""—"", ""1º de janeiro de 2015"", ""5 de fevereiro de 2015"", ""[ 1 ]""]",2015-01-01,2026-03-20,pinned_source_inventory_only_not_population_certified
dilma_rousseff:1:5,dilma_rousseff,1,5,True,"[""Secretaria de Assuntos Estratégicos"", """", ""Roberto Mangabeira Unger"", ""—"", ""5 de fevereiro de 2015"", ""14 de setembro de 2015"", ""[ 35 ]""]",2015-01-01,2026-03-20,pinned_source_inventory_only_not_population_certified
dilma_rousseff:1:6,dilma_rousseff,1,6,True,"[""Secretaria de Assuntos Estratégicos"", """", ""Vitor Pinto Chaves"", ""—"", ""14 de setembro de 2015"", ""2 de outubro de 2015 (secretaria extinta)"", ""[ 36 ]""]",2015-01-01,2026-03-20,pinned_source_inventory_only_not_population_certified
dilma_rousseff:1:7,dilma_rousseff,1,7,True,"[""Secretaria de Aviação Civil"", """", ""Eliseu Padilha"", ""MDB"", ""1º de janeiro de 2015"", ""4 de dezembro de 2015 (renunciou ao cargo)"", ""[ 1 ]""]",2015-01-01,2026-03-20,pinned_source_inventory_only_not_population_certified
dilma_rousseff:1:8,dilma_rousseff,1,8,True,"[""Secretaria de Aviação Civil"", """", ""Guilherme Walder Mora Ramalho"", ""—"", ""7 de dezembro de 2015 (interino)"", ""17 de março de 2016"", ""[ 37 ]""]",2015-01-01,2026-03-20,pinned_source_inventory_only_not_population_certified
dilma_rousseff:1:9,dilma_rousseff,1,9,True,"[""Secretaria de Aviação Civil"", """", ""Mauro Lopes"", ""MDB"", ""17 de março de 2016"", ""18 de abril de 2016 (demitido do cargo)"", ""[ 38 ]""]",2015-01-01,2026-03-20,pinned_source_inventory_only_not_population_certified
dilma_rousseff:1:10,dilma_rousseff,1,10,True,"[""Secretaria de Aviação Civil"", """", ""Guilherme Walder Mora Ramalho"", ""—"", ""18 de abril de 2016 (interino)"", ""12 de maio de 2016 (impeachment de Dilma Rousseff)"", ""[ 39 ]""]",2015-01-01,2026-03-20,pinned_source_inventory_only_not_population_certified
dilma_rousseff:1:11,dilma_rousseff,1,11,True,"[""Presidente do Banco Central do Brasil"", """", ""Alexandre Tombini"", ""—"", ""1º de janeiro de 2015"", ""—"", ""[ 1 ]""]",2015-01-01,2026-03-20,pinned_source_inventory_only_not_population_certified
dilma_rousseff:1:12,dilma_rousseff,1,12,True,"[""Casa Civil"", """", ""Aloizio Mercadante"", ""PT"", ""1º de janeiro de 2015"", ""2 de outubro de 2015"", ""[ 1 ]""]",2015-01-01,2026-03-20,pinned_source_inventory_only_not_population_certified
dilma_rousseff:1:13,dilma_rousseff,1,13,True,"[""Casa Civil"", """", ""Jaques Wagner"", ""PT"", ""2 de outubro de 2015"", ""16 de março de 2016"", ""[ 36 ]""]",2015-01-01,2026-03-20,pinned_source_inventory_only_not_population_certified
dilma_rousseff:1:14,dilma_rousseff,1,14,False,"[""Casa Civil"", """", ""Luiz Inácio Lula da Silva"", ""PT"", ""17 de março de 2016"", ""18 de março de 2016 (nomeação suspensa pelo STF)"", ""[ 40 ]""]",2015-01-01,2026-03-20,pinned_source_inventory_only_not_population_certified
dilma_rousseff:1:15,dilma_rousseff,1,15,True,"[""Casa Civil"", """", ""Eva Chiavon"", ""PT"", ""22 de março de 2016 (interina)"", ""12 de maio de 2016 (impeachment de Dilma Rousseff)"", ""[ 41 ]""]",2015-01-01,2026-03-20,pinned_source_inventory_only_not_population_certified
dilma_rousseff:1:16,dilma_rousseff,1,16,True,"[""Ministério da Ciência, Tecnologia e Inovação"", """", ""Aldo Rebelo"", ""PCdoB"", ""1º de janeiro de 2015"", ""2 de outubro de 2015"", ""[ 1 ]""]",2015-01-01,2026-03-20,pinned_source_inventory_only_not_population_certified
dilma_rousseff:1:17,dilma_rousseff,1,17,True,"[""Ministério da Ciência, Tecnologia e Inovação"", """", ""Celso Pansera"", ""MDB"", ""2 de outubro de 2015"", ""14 de abril de 2016 (renunciou ao cargo)"", ""[ 36 ]""]",2015-01-01,2026-03-20,pinned_source_inventory_only_not_population_certified
dilma_rousseff:1:18,dilma_rousseff,1,18,True,"[""Ministério da Ciência, Tecnologia e Inovação"", """", ""Emília Maria Silva Ribeiro Curi"", ""—"", ""14 de abril de 2016"", ""12 de maio de 2016 (impeachment de Dilma Rousseff)"", """"]",2015-01-01,2026-03-20,pinned_source_inventory_only_not_population_certified
dilma_rousseff:1:19,dilma_rousseff,1,19,True,"[""Ministério das Cidades"", """", ""Gilberto Kassab"", ""PSD"", ""1º de janeiro de 2015"", ""15 de abril de 2016"", ""[ 1 ]""]",2015-01-01,2026-03-20,pinned_source_inventory_only_not_population_certified
dilma_rousseff:1:20,dilma_rousseff,1,20,True,"[""Ministério das Cidades"", """", ""Inês da Silva Magalhães"", ""—"", ""15 de abril de 2016"", ""12 de maio de 2016 (impeachment de Dilma Rousseff)"", """"]",2015-01-01,2026-03-20,pinned_source_inventory_only_not_population_certified
dilma_rousseff:1:21,dilma_rousseff,1,21,True,"[""Secretaria de Comunicação Social"", """", ""Thomas Traumann"", ""PSD"", ""1º de janeiro de 2015"", ""25 de março de 2015"", ""[ 1 ]""]",2015-01-01,2026-03-20,pinned_source_inventory_only_not_population_certified
dilma_rousseff:1:22,dilma_rousseff,1,22,True,"[""Secretaria de Comunicação Social"", """", ""Edinho Silva"", ""PT"", ""31 de março de 2015"", ""12 de maio de 2016 (impeachment de Dilma Rousseff)"", ""[ 42 ]""]",2015-01-01,2026-03-20,pinned_source_inventory_only_not_population_certified
dilma_rousseff:1:23,dilma_rousseff,1,23,True,"[""Ministério das Comunicações"", """", ""Ricardo Berzoini"", ""PT"", ""1º de janeiro de 2015"", ""2 de outubro de 2015"", ""[ 1 ]""]",2015-01-01,2026-03-20,pinned_source_inventory_only_not_population_certified
dilma_rousseff:1:24,dilma_rousseff,1,24,True,"[""Ministério das Comunicações"", """", ""André Figueiredo"", ""PDT"", ""2 de outubro de 2015"", ""12 de maio de 2016 (impeachment de Dilma Rousseff)"", ""[ 36 ]""]",2015-01-01,2026-03-20,pinned_source_inventory_only_not_population_certified
dilma_rousseff:1:25,dilma_rousseff,1,25,True,"[""Controladoria-Geral da União"", """", ""Valdir Moysés Simão"", ""—"", ""1º de janeiro de 2015"", ""21 de dezembro de 2015"", ""[ 1 ]""]",2015-01-01,2026-03-20,pinned_source_inventory_only_not_population_certified
dilma_rousseff:1:26,dilma_rousseff,1,26,True,"[""Controladoria-Geral da União"", """", ""Carlos Higino Ribeiro de Alencar"", ""—"", ""21 de dezembro de 2015 (interino)"", ""29 de fevereiro de 2016"", ""[ 36 ]""]",2015-01-01,2026-03-20,pinned_source_inventory_only_not_population_certified
dilma_rousseff:1:27,dilma_rousseff,1,27,True,"[""Controladoria-Geral da União"", """", ""Luiz Navarro de Britto"", ""—"", ""29 de fevereiro de 2016"", ""12 de maio de 2016 (impeachment de Dilma Rousseff)"", """"]",2015-01-01,2026-03-20,pinned_source_inventory_only_not_population_certified
dilma_rousseff:1:28,dilma_rousseff,1,28,True,"[""Ministério da Cultura"", """", ""Juca Ferreira"", ""PT"", ""1º de janeiro de 2015"", ""12 de maio de 2016 (impeachment de Dilma Rousseff)"", ""[ 1 ]""]",2015-01-01,2026-03-20,pinned_source_inventory_only_not_population_certified
dilma_rousseff:1:29,dilma_rousseff,1,29,True,"[""Ministério da Defesa"", """", ""Jaques Wagner"", ""PT"", ""1º de janeiro de 2015"", ""2 de outubro de 2015"", ""[ 1 ]""]",2015-01-01,2026-03-20,pinned_source_inventory_only_not_population_certified
dilma_rousseff:1:30,dilma_rousseff,1,30,True,"[""Ministério da Defesa"", """", ""Aldo Rebelo"", ""PCdoB"", ""2 de outubro de 2015"", ""12 de maio de 2016 (impeachment de Dilma Rousseff)"", ""[ 36 ]""]",2015-01-01,2026-03-20,pinned_source_inventory_only_not_population_certified
dilma_rousseff:1:31,dilma_rousseff,1,31,True,"[""Ministério do Desenvolvimento Agrário"", """", ""Patrus Ananias"", ""PT"", ""1º de janeiro de 2015"", ""14 de abril de 2016"", ""[ 1 ]""]",2015-01-01,2026-03-20,pinned_source_inventory_only_not_population_certified
dilma_rousseff:1:32,dilma_rousseff,1,32,True,"[""Ministério do Desenvolvimento Agrário"", """", ""Maria Fernanda Ramos Coelho"", ""—"", ""14 de abril de 2016 (interina)"", ""19 de abril de 2016"", ""[ 43 ]""]",2015-01-01,2026-03-20,pinned_source_inventory_only_not_population_certified
dilma_rousseff:1:33,dilma_rousseff,1,33,True,"[""Ministério do Desenvolvimento Agrário"", """", ""Patrus Ananias"", ""PT"", ""19 de abril de 2016"", ""12 de maio de 2016 (impeachment de Dilma Rousseff)"", ""[ 43 ]""]",2015-01-01,2026-03-20,pinned_source_inventory_only_not_population_certified
dilma_rousseff:1:34,dilma_rousseff,1,34,True,"[""Ministério do Desenvolvimento, Indústria e Comércio Exterior"", """", ""Armando Monteiro"", ""PTB"", ""1º de janeiro de 2015"", ""12 de maio de 2016 (impeachment de Dilma Rousseff)"", ""[ 1 ]""]",2015-01-01,2026-03-20,pinned_source_inventory_only_not_population_certified
dilma_rousseff:1:35,dilma_rousseff,1,35,True,"[""Ministério do Desenvolvimento Social e Combate à Fome"", """", ""Tereza Campello"", ""PT"", ""1º de janeiro de 2015"", ""12 de maio de 2016 (impeachment de Dilma Rousseff)"", ""[ 1 ]""]",2015-01-01,2026-03-20,pinned_source_inventory_only_not_population_certified
dilma_rousseff:1:36,dilma_rousseff,1,36,True,"[""Secretaria de Direitos Humanos"", """", ""Ideli Salvatti"", ""PT"", ""1º de janeiro de 2015"", ""16 de abril de 2015"", ""[ 1 ]""]",2015-01-01,2026-03-20,pinned_source_inventory_only_not_population_certified
dilma_rousseff:1:37,dilma_rousseff,1,37,True,"[""Secretaria de Direitos Humanos"", """", ""Pepe Vargas"", ""PT"", ""16 de abril de 2015"", ""2 de outubro de 2015 (secretaria transformada em Ministério da Mulher, da Família e dos Direitos Humanos)"", ""[ 44 ]""]",2015-01-01,2026-03-20,pinned_source_inventory_only_not_population_certified
dilma_rousseff:1:38,dilma_rousseff,1,38,True,"[""Secretaria de Direitos Humanos"", """", ""Nilma Lino Gomes"", ""—"", ""2 de outubro de 2015"", ""12 de maio de 2016 (impeachment de Dilma Rousseff)"", ""[ 36 ]""]",2015-01-01,2026-03-20,pinned_source_inventory_only_not_population_certified
dilma_rousseff:1:39,dilma_rousseff,1,39,True,"[""Ministério da Educação"", """", ""Cid Gomes"", ""PDT"", ""1º de janeiro de 2015"", ""18 de março de 2015"", ""[ 1 ]""]",2015-01-01,2026-03-20,pinned_source_inventory_only_not_population_certified
dilma_rousseff:1:40,dilma_rousseff,1,40,True,"[""Ministério da Educação"", """", ""Luiz Cláudio Costa"", ""—"", ""18 de março de 2015 (interino)"", ""6 de abril de 2015"", """"]",2015-01-01,2026-03-20,pinned_source_inventory_only_not_population_certified
dilma_rousseff:1:41,dilma_rousseff,1,41,True,"[""Ministério da Educação"", """", ""Renato Janine Ribeiro"", ""—"", ""6 de abril de 2015"", ""30 de setembro de 2015"", ""[ 45 ]""]",2015-01-01,2026-03-20,pinned_source_inventory_only_not_population_certified
dilma_rousseff:1:42,dilma_rousseff,1,42,True,"[""Ministério da Educação"", """", ""Aloizio Mercadante"", ""PT"", ""2 de outubro de 2015"", ""12 de maio de 2016 (impeachment de Dilma Rousseff)"", ""[ 36 ]""]",2015-01-01,2026-03-20,pinned_source_inventory_only_not_population_certified
dilma_rousseff:1:43,dilma_rousseff,1,43,True,"[""Ministério do Esporte"", """", ""George Hilton"", ""REPU"", ""1º de janeiro de 2015"", ""23 de março de 2016"", ""[ 1 ]""]",2015-01-01,2026-03-20,pinned_source_inventory_only_not_population_certified
dilma_rousseff:1:44,dilma_rousseff,1,44,True,"[""Ministério do Esporte"", """", ""Ricardo Leyser"", ""PCdoB"", ""31 de março de 2016"", ""12 de maio de 2016 (impeachment de Dilma Rousseff)"", ""[ 46 ]""]",2015-01-01,2026-03-20,pinned_source_inventory_only_not_population_certified
dilma_rousseff:1:45,dilma_rousseff,1,45,True,"[""Ministério da Fazenda"", """", ""Joaquim Levy"", ""—"", ""1º de janeiro de 2015"", ""18 de dezembro de 2015"", ""[ 1 ]""]",2015-01-01,2026-03-20,pinned_source_inventory_only_not_population_certified
dilma_rousseff:1:46,dilma_rousseff,1,46,True,"[""Ministério da Fazenda"", """", ""Nelson Barbosa"", ""—"", ""18 de dezembro de 2015"", ""12 de maio de 2016 (impeachment de Dilma Rousseff)"", ""[ 36 ]""]",2015-01-01,2026-03-20,pinned_source_inventory_only_not_population_certified
dilma_rousseff:1:47,dilma_rousseff,1,47,True,"[""Gabinete de Segurança Institucional"", """", ""José Elito Carvalho Siqueira"", ""—"", ""1º de janeiro de 2015"", ""2 de outubro de 2015 (secretaria incorporada a Secretaria de Governo do Brasil)"", ""[ 1 ]""]",2015-01-01,2026-03-20,pinned_source_inventory_only_not_population_certified
dilma_rousseff:1:48,dilma_rousseff,1,48,True,"[""Secretaria de Políticas de Promoção da Igualdade Racial"", """", ""Nilma Lino Gomes"", ""—"", ""1º de janeiro de 2015"", ""2 de outubro de 2015 (secretaria incorporada ao Ministério da Mulher, da Família e dos Direitos Humanos)"", ""[ 1 ]""]",2015-01-01,2026-03-20,pinned_source_inventory_only_not_population_certified
dilma_rousseff:1:49,dilma_rousseff,1,49,True,"[""Ministério da Integração Nacional"", """", ""Gilberto Occhi"", ""PP"", ""1º de janeiro de 2015"", ""13 de abril de 2016 (renunciou ao cargo)"", ""[ 1 ]""]",2015-01-01,2026-03-20,pinned_source_inventory_only_not_population_certified
dilma_rousseff:1:50,dilma_rousseff,1,50,True,"[""Ministério da Integração Nacional"", """", ""Josélio de Andrade Moura"", ""—"", ""13 de abril de 2016 (interino)"", ""12 de maio de 2016 (impeachment de Dilma Rousseff)"", ""[ 47 ]""]",2015-01-01,2026-03-20,pinned_source_inventory_only_not_population_certified
dilma_rousseff:1:51,dilma_rousseff,1,51,True,"[""Ministério da Justiça"", """", ""José Eduardo Cardozo"", ""PT"", ""1º de janeiro de 2015"", ""3 de março de 2016"", ""[ 1 ]""]",2015-01-01,2026-03-20,pinned_source_inventory_only_not_population_certified
dilma_rousseff:1:52,dilma_rousseff,1,52,False,"[""Ministério da Justiça"", """", ""Wellington César Lima e Silva"", ""—"", ""3 de março de 2016"", ""14 de março de 2016 (nomeação suspensa pelo STF)"", ""[ 48 ]""]",2015-01-01,2026-03-20,pinned_source_inventory_only_not_population_certified
dilma_rousseff:1:53,dilma_rousseff,1,53,True,"[""Ministério da Justiça"", """", ""Eugênio Aragão"", ""—"", ""14 de março de 2016"", ""12 de maio de 2016 (impeachment de Dilma Rousseff)"", ""[ 49 ]""]",2015-01-01,2026-03-20,pinned_source_inventory_only_not_population_certified
dilma_rousseff:1:54,dilma_rousseff,1,54,True,"[""Ministério do Meio Ambiente"", """", ""Izabella Teixeira"", ""—"", ""1º de janeiro de 2015"", ""12 de maio de 2016 (impeachment de Dilma Rousseff)"", ""[ 1 ]""]",2015-01-01,2026-03-20,pinned_source_inventory_only_not_population_certified
dilma_rousseff:1:55,dilma_rousseff,1,55,True,"[""Secretaria da Micro e Pequena Empresa"", """", ""Guilherme Afif Domingos"", ""PSD"", ""1º de janeiro de 2015"", ""2 de outubro de 2015 (secretaria incorporada a Secretaria de Governo do Brasil)"", ""[ 1 ]""]",2015-01-01,2026-03-20,pinned_source_inventory_only_not_population_certified
dilma_rousseff:1:56,dilma_rousseff,1,56,True,"[""Ministério de Minas e Energia"", """", ""Eduardo Braga"", ""MDB"", ""1º de janeiro de 2015"", ""20 de abril de 2016 (renunciou ao cargo)"", ""[ 1 ]""]",2015-01-01,2026-03-20,pinned_source_inventory_only_not_population_certified
dilma_rousseff:1:57,dilma_rousseff,1,57,True,"[""Ministério de Minas e Energia"", """", ""Marco Antônio Martins Almeida"", ""—"", ""20 de abril de 2016"", ""12 de maio de 2016 (impeachment de Dilma Rousseff)""]",2015-01-01,2026-03-20,pinned_source_inventory_only_not_population_certified
dilma_rousseff:1:58,dilma_rousseff,1,58,True,"[""Ministério da Pesca e Aquicultura"", """", ""Helder Barbalho"", ""MDB"", ""1º de janeiro de 2015"", ""2 de outubro de 2015 (ministério incorporada ao Ministério da Agricultura, Pecuária e Abastecimento)"", ""[ 1 ]""]",2015-01-01,2026-03-20,pinned_source_inventory_only_not_population_certified
dilma_rousseff:1:59,dilma_rousseff,1,59,True,"[""Ministério do Planejamento, Orçamento e Gestão"", """", ""Nelson Barbosa"", ""—"", ""1º de janeiro de 2015"", ""18 de dezembro de 2015"", ""[ 1 ]""]",2015-01-01,2026-03-20,pinned_source_inventory_only_not_population_certified
dilma_rousseff:1:60,dilma_rousseff,1,60,True,"[""Ministério do Planejamento, Orçamento e Gestão"", """", ""Valdir Moysés Simão"", ""—"", ""21 de dezembro de 2015"", ""12 de maio de 2016 (impeachment de Dilma Rousseff)"", ""[ 36 ]""]",2015-01-01,2026-03-20,pinned_source_inventory_only_not_population_certified
dilma_rousseff:1:61,dilma_rousseff,1,61,True,"[""Secretaria de Políticas para as Mulheres"", """", ""Eleonora Menicucci"", ""PT"", ""1º de janeiro de 2015"", ""2 de outubro de 2015 (secretaria incorporada ao Ministério da Mulher, da Família e dos Direitos Humanos)"", ""[ 1 ]""]",2015-01-01,2026-03-20,pinned_source_inventory_only_not_population_certified
dilma_rousseff:1:62,dilma_rousseff,1,62,True,"[""Secretaria Nacional dos Portos"", """", ""Edson Coelho Araújo"", ""MDB"", ""1º de janeiro de 2015"", ""2 de outubro de 2015"", ""[ 1 ]""]",2015-01-01,2026-03-20,pinned_source_inventory_only_not_population_certified
dilma_rousseff:1:63,dilma_rousseff,1,63,True,"[""Secretaria Nacional dos Portos"", """", ""Helder Barbalho"", ""MDB"", ""2 de outubro de 2015"", ""20 de abril de 2016 (renunciou ao cargo)"", ""[ 36 ]""]",2015-01-01,2026-03-20,pinned_source_inventory_only_not_population_certified
dilma_rousseff:1:64,dilma_rousseff,1,64,True,"[""Secretaria Nacional dos Portos"", """", ""Maurício Muniz Barreto de Carvalho"", ""—"", ""20 de abril de 2016"", ""12 de maio de 2016 (impeachment de Dilma Rousseff)"", """"]",2015-01-01,2026-03-20,pinned_source_inventory_only_not_population_certified
dilma_rousseff:1:65,dilma_rousseff,1,65,True,"[""Ministério da Previdência Social"", """", ""Carlos Eduardo Gabas"", ""PT"", ""1º de janeiro de 2015"", ""2 de outubro de 2015 (ministério incorporada ao Ministério do Trabalho e Previdência Social)"", ""[ 1 ]""]",2015-01-01,2026-03-20,pinned_source_inventory_only_not_population_certified
dilma_rousseff:1:66,dilma_rousseff,1,66,True,"[""Ministério das Relações Exteriores"", """", ""Mauro Vieira"", ""—"", ""1º de janeiro de 2015"", ""12 de maio de 2016 (impeachment de Dilma Rousseff)"", ""[ 1 ]""]",2015-01-01,2026-03-20,pinned_source_inventory_only_not_population_certified
dilma_rousseff:1:67,dilma_rousseff,1,67,True,"[""Secretaria de Relações Institucionais"", """", ""Pepe Vargas"", ""PT"", ""1º de janeiro de 2015"", ""7 de abril de 2015 (secretaria extinta)"", ""[ 1 ]""]",2015-01-01,2026-03-20,pinned_source_inventory_only_not_population_certified
dilma_rousseff:1:68,dilma_rousseff,1,68,True,"[""Ministério da Saúde"", """", ""Arthur Chioro"", ""PT"", ""1º de janeiro de 2015"", ""1 de outubro de 2015"", ""[ 1 ]""]",2015-01-01,2026-03-20,pinned_source_inventory_only_not_population_certified
dilma_rousseff:1:69,dilma_rousseff,1,69,True,"[""Ministério da Saúde"", """", ""Marcelo Castro"", ""MDB"", ""1 de outubro de 2015"", ""12 de maio de 2016 (impeachment de Dilma Rousseff)"", ""[ 36 ]""]",2015-01-01,2026-03-20,pinned_source_inventory_only_not_population_certified
dilma_rousseff:1:70,dilma_rousseff,1,70,True,"[""Secretaria-Geral da Presidência"", """", ""Miguel Rossetto"", ""PT"", ""1º de janeiro de 2015"", ""2 de outubro de 2015 (secretaria transformada em Secretaria de Governo do Brasil)"", ""[ 1 ]""]",2015-01-01,2026-03-20,pinned_source_inventory_only_not_population_certified
dilma_rousseff:1:71,dilma_rousseff,1,71,True,"[""Secretaria-Geral da Presidência"", """", ""Ricardo Berzoini"", ""PT"", ""2 de outubro de 2015"", ""12 de maio de 2016 (impeachment de Dilma Rousseff)"", ""[ 36 ]""]",2015-01-01,2026-03-20,pinned_source_inventory_only_not_population_certified
dilma_rousseff:1:72,dilma_rousseff,1,72,True,"[""Ministério do Trabalho e Emprego"", """", ""Manoel Dias"", ""PDT"", ""1º de janeiro de 2015"", ""2 de outubro de 2015 (ministério transformado em Ministério do Trabalho e Previdência Social)"", ""[ 1 ]""]",2015-01-01,2026-03-20,pinned_source_inventory_only_not_population_certified
dilma_rousseff:1:73,dilma_rousseff,1,73,True,"[""Ministério do Trabalho e Emprego"", """", ""Miguel Rossetto"", ""PT"", ""2 de outubro de 2015"", ""12 de maio de 2016 (impeachment de Dilma Rousseff)"", ""[ 36 ]""]",2015-01-01,2026-03-20,pinned_source_inventory_only_not_population_certified
dilma_rousseff:1:74,dilma_rousseff,1,74,True,"[""Ministério dos Transportes"", """", ""Antonio Carlos Rodrigues"", ""PL"", ""1º de janeiro de 2015"", ""12 de maio de 2016 (impeachment de Dilma Rousseff)"", ""[ 1 ]""]",2015-01-01,2026-03-20,pinned_source_inventory_only_not_population_certified
dilma_rousseff:1:75,dilma_rousseff,1,75,True,"[""Ministério do Turismo"", """", ""Vinicius Lages"", ""—"", ""1º de janeiro de 2015"", ""16 de abril de 2015"", ""[ 1 ]""]",2015-01-01,2026-03-20,pinned_source_inventory_only_not_population_certified
dilma_rousseff:1:76,dilma_rousseff,1,76,True,"[""Ministério do Turismo"", """", ""Henrique Eduardo Alves"", ""MDB"", ""16 de abril de 2015"", ""28 de março de 2016 (renunciou ao cargo)"", ""[ 50 ]""]",2015-01-01,2026-03-20,pinned_source_inventory_only_not_population_certified
dilma_rousseff:1:77,dilma_rousseff,1,77,True,"[""Ministério do Turismo"", ""Ficheiro:Alberto-alves.jpg"", ""Alberto Alves"", ""—"", ""28 de março de 2016 (interino)"", ""21 de abril de 2016"", """"]",2015-01-01,2026-03-20,pinned_source_inventory_only_not_population_certified
dilma_rousseff:1:78,dilma_rousseff,1,78,True,"[""Ministério do Turismo"", """", ""Alessandro Teixeira"", ""PT"", ""21 de abril de 2016"", ""12 de maio de 2016 (impeachment de Dilma Rousseff)"", """"]",2015-01-01,2026-03-20,pinned_source_inventory_only_not_population_certified
michel_temer:0:1,michel_temer,0,1,True,"[""Advocacia-Geral da União"", """", ""Fábio Medina Osório"", ""-"", ""12 de maio de 2016 [ 2 ]"", ""9 de setembro de 2016""]",2015-01-01,2026-03-20,pinned_source_inventory_only_not_population_certified
michel_temer:0:2,michel_temer,0,2,True,"[""Advocacia-Geral da União"", """", ""Grace Mendonça"", ""PSDB"", ""9 de setembro de 2016 [ 3 ]"", ""1º de janeiro de 2019""]",2015-01-01,2026-03-20,pinned_source_inventory_only_not_population_certified
michel_temer:0:3,michel_temer,0,3,True,"[""Agricultura, Pecuária e Abastecimento"", """", ""Blairo Maggi"", ""PP"", ""12 de maio de 2016 [ 2 ]"", ""1 de janeiro de 2019""]",2015-01-01,2026-03-20,pinned_source_inventory_only_not_population_certified
michel_temer:0:4,michel_temer,0,4,True,"[""Banco Central"", """", ""Ilan Goldfajn"", ""-"", ""9 de junho de 2016 [ 4 ]"", ""27 de fevereiro de 2019""]",2015-01-01,2026-03-20,pinned_source_inventory_only_not_population_certified
michel_temer:0:5,michel_temer,0,5,True,"[""Casa Civil"", """", ""Eliseu Padilha"", ""MDB"", ""12 de maio de 2016 [ 2 ]"", ""1° de janeiro de 2019""]",2015-01-01,2026-03-20,pinned_source_inventory_only_not_population_certified
michel_temer:0:6,michel_temer,0,6,True,"[""Cidades"", """", ""Bruno Araújo"", ""PSDB"", ""12 de maio de 2016 [ 2 ]"", ""13 de novembro de 2017""]",2015-01-01,2026-03-20,pinned_source_inventory_only_not_population_certified
michel_temer:0:7,michel_temer,0,7,True,"[""Cidades"", """", ""Marco Aurélio de Queiroz Campos (Interino)"", ""-"", ""13 de novembro de 2017"", ""22 de novembro de 2017""]",2015-01-01,2026-03-20,pinned_source_inventory_only_not_population_certified
michel_temer:0:8,michel_temer,0,8,True,"[""Cidades"", """", ""Alexandre Baldy"", ""PP"", ""22 de novembro de 2017 [ 5 ]"", ""31 de dezembro de 2018""]",2015-01-01,2026-03-20,pinned_source_inventory_only_not_population_certified
michel_temer:0:9,michel_temer,0,9,True,"[""Ciência, Tecnologia, Inovações e Comunicações"", """", ""Gilberto Kassab"", ""PSD"", ""12 de maio de 2016 [ 2 ]"", ""1 de janeiro de 2019""]",2015-01-01,2026-03-20,pinned_source_inventory_only_not_population_certified
michel_temer:0:10,michel_temer,0,10,True,"[""Cultura"", """", ""Marcelo Calero"", ""MDB"", ""24 de maio de 2016 [ 6 ]"", ""18 de novembro de 2016 [ 7 ]""]",2015-01-01,2026-03-20,pinned_source_inventory_only_not_population_certified
michel_temer:0:11,michel_temer,0,11,True,"[""Cultura"", """", ""Roberto Freire"", ""PPS"", ""23 de novembro de 2016"", ""22 de maio de 2017 [ 8 ]""]",2015-01-01,2026-03-20,pinned_source_inventory_only_not_population_certified
michel_temer:0:12,michel_temer,0,12,True,"[""Cultura"", """", ""João Batista de Andrade"", ""PPS"", ""22 de maio de 2017 [ 9 ]"", ""16 de junho de 2017""]",2015-01-01,2026-03-20,pinned_source_inventory_only_not_population_certified
michel_temer:0:13,michel_temer,0,13,True,"[""Cultura"", """", ""Sérgio Sá Leitão"", ""-"", ""25 de julho de 2017"", ""31 de dezembro de 2018""]",2015-01-01,2026-03-20,pinned_source_inventory_only_not_population_certified
michel_temer:0:14,michel_temer,0,14,True,"[""Direitos Humanos (Ministério criado em fevereiro 2017) [ 10 ]"", """", ""Luislinda Valois"", ""PSDB"", ""3 de fevereiro de 2017"", ""19 de fevereiro de 2018""]",2015-01-01,2026-03-20,pinned_source_inventory_only_not_population_certified
michel_temer:0:15,michel_temer,0,15,True,"[""Direitos Humanos (Ministério criado em fevereiro 2017) [ 10 ]"", """", ""Gustavo Rocha"", ""-"", ""20 de fevereiro de 2018 [ 11 ]"", ""31 de dezembro de 2018""]",2015-01-01,2026-03-20,pinned_source_inventory_only_not_population_certified
michel_temer:0:16,michel_temer,0,16,True,"[""Fiscalização, Transparência e Controladoria-Geral da União"", """", ""Fabiano Silveira"", ""-"", ""12 de maio de 2016 [ 2 ]"", ""30 de maio de 2016""]",2015-01-01,2026-03-20,pinned_source_inventory_only_not_population_certified
michel_temer:0:17,michel_temer,0,17,True,"[""Fiscalização, Transparência e Controladoria-Geral da União"", """", ""Carlos Higino Ribeiro de Alencar (interino)"", ""-"", ""30 de maio de 2016"", ""1º de junho de 2016""]",2015-01-01,2026-03-20,pinned_source_inventory_only_not_population_certified
michel_temer:0:18,michel_temer,0,18,True,"[""Fiscalização, Transparência e Controladoria-Geral da União"", """", ""Torquato Jardim"", ""-"", ""2 de junho de 2016"", ""31 de maio de 2017""]",2015-01-01,2026-03-20,pinned_source_inventory_only_not_population_certified
michel_temer:0:19,michel_temer,0,19,True,"[""Fiscalização, Transparência e Controladoria-Geral da União"", """", ""Wagner de Campos Rosário"", ""-"", ""31 de maio de 2017"", ""31 de dezembro de 2022""]",2015-01-01,2026-03-20,pinned_source_inventory_only_not_population_certified
michel_temer:0:20,michel_temer,0,20,True,"[""Educação"", """", ""Mendonça Filho"", ""DEM"", ""12 de maio de 2016 [ 2 ]"", ""6 de abril de 2018""]",2015-01-01,2026-03-20,pinned_source_inventory_only_not_population_certified
michel_temer:0:21,michel_temer,0,21,True,"[""Educação"", """", ""Rossieli Soares"", ""-"", ""10 de abril de 2018 [ 12 ]"", ""31 de dezembro de 2018""]",2015-01-01,2026-03-20,pinned_source_inventory_only_not_population_certified
michel_temer:0:22,michel_temer,0,22,True,"[""Defesa"", """", ""Raul Jungmann"", ""PPS"", ""12 de maio de 2016 [ 2 ]"", ""27 de fevereiro de 2018 [ 13 ]""]",2015-01-01,2026-03-20,pinned_source_inventory_only_not_population_certified
michel_temer:0:23,michel_temer,0,23,True,"[""Defesa"", """", ""Joaquim Silva e Luna (interino até 13 de junho de 2018) [ 14 ]"", ""-"", ""26 de fevereiro de 2018 [ 15 ]"", ""1 de janeiro de 2019""]",2015-01-01,2026-03-20,pinned_source_inventory_only_not_population_certified
michel_temer:0:24,michel_temer,0,24,True,"[""Desenvolvimento Social e Agrário"", """", ""Osmar Terra"", ""MDB"", ""12 de maio de 2016 [ 2 ]"", ""6 de abril de 2018""]",2015-01-01,2026-03-20,pinned_source_inventory_only_not_population_certified
michel_temer:0:25,michel_temer,0,25,True,"[""Desenvolvimento Social e Agrário"", """", ""Alberto Beltrame"", ""-"", ""6 de abril de 2018 [ 11 ]"", ""1 de Janeiro de 2019""]",2015-01-01,2026-03-20,pinned_source_inventory_only_not_population_certified
michel_temer:0:26,michel_temer,0,26,False,"[""Desenvolvimento, Indústria e Comércio"", """", ""Marcos Pereira"", ""PRB"", ""12 de maio de 2016 [ 2 ]"", ""3 de janeiro de 2018""]",2015-01-01,2026-03-20,pinned_source_inventory_only_not_population_certified
michel_temer:0:27,michel_temer,0,27,False,"[""Desenvolvimento, Indústria e Comércio"", """", ""Marcos Jorge"", ""PRB"", ""4 de janeiro de 2018 [ 11 ]"", ""1 de janeiro de 2019""]",2015-01-01,2026-03-20,pinned_source_inventory_only_not_population_certified
michel_temer:0:28,michel_temer,0,28,True,"[""Esporte"", """", ""Leonardo Picciani"", ""MDB"", ""12 de maio de 2016 [ 2 ]"", ""6 de abril de 2018""]",2015-01-01,2026-03-20,pinned_source_inventory_only_not_population_certified
michel_temer:0:29,michel_temer,0,29,True,"[""Esporte"", """", ""Leandro Cruz Fróes da Silva"", ""-"", ""6 de abril de 2018 [ 11 ]"", ""1 de janeiro de 2019""]",2015-01-01,2026-03-20,pinned_source_inventory_only_not_population_certified
michel_temer:0:30,michel_temer,0,30,True,"[""Fazenda e Previdência Social"", """", ""Henrique Meirelles"", ""MDB"", ""12 de maio de 2016 [ 2 ]"", ""6 de abril de 2018""]",2015-01-01,2026-03-20,pinned_source_inventory_only_not_population_certified
michel_temer:0:31,michel_temer,0,31,True,"[""Fazenda e Previdência Social"", """", ""Eduardo Guardia"", ""-"", ""6 de abril de 2018 [ 16 ]"", ""1 de janeiro de 2019""]",2015-01-01,2026-03-20,pinned_source_inventory_only_not_population_certified
michel_temer:0:32,michel_temer,0,32,True,"[""Integração Nacional"", """", ""Helder Barbalho"", ""MDB"", ""12 de maio de 2016 [ 2 ]"", ""a 6 de abril de 2018""]",2015-01-01,2026-03-20,pinned_source_inventory_only_not_population_certified
michel_temer:0:33,michel_temer,0,33,True,"[""Integração Nacional"", """", ""Pádua Andrade"", ""-"", ""10 de abril de 2018 [ 11 ]"", ""1 de janeiro de 2019""]",2015-01-01,2026-03-20,pinned_source_inventory_only_not_population_certified
michel_temer:0:34,michel_temer,0,34,True,"[""Justiça"", """", ""Alexandre de Moraes (nomeado para o STF )"", ""PSDB"", ""12 de maio de 2016 [ 2 ]"", ""22 de fevereiro de 2017 [ 17 ]""]",2015-01-01,2026-03-20,pinned_source_inventory_only_not_population_certified
michel_temer:0:35,michel_temer,0,35,True,"[""Justiça"", """", ""José Levi (Interino)"", ""-"", ""7 de fevereiro de 2017 [ 18 ]"", ""7 de março de 2017""]",2015-01-01,2026-03-20,pinned_source_inventory_only_not_population_certified
michel_temer:0:36,michel_temer,0,36,True,"[""Justiça"", """", ""Osmar Serraglio"", ""MDB"", ""7 de março de 2017"", ""31 de maio de 2017""]",2015-01-01,2026-03-20,pinned_source_inventory_only_not_population_certified
michel_temer:0:37,michel_temer,0,37,True,"[""Justiça"", """", ""Torquato Jardim"", ""-"", ""31 de maio de 2017"", ""1° de janeiro de 2019""]",2015-01-01,2026-03-20,pinned_source_inventory_only_not_population_certified
michel_temer:0:38,michel_temer,0,38,True,"[""Meio Ambiente"", """", ""Sarney Filho"", ""PV"", ""12 de maio de 2016 [ 2 ]"", ""6 de abril de 2018""]",2015-01-01,2026-03-20,pinned_source_inventory_only_not_population_certified
michel_temer:0:39,michel_temer,0,39,False,"["""", """", ""Edson Duarte"", ""PV"", ""7 de abril de 2018"", ""31 de dezembro de 2019""]",2015-01-01,2026-03-20,pinned_source_inventory_only_not_population_certified
michel_temer:0:40,michel_temer,0,40,True,"[""Minas e Energia"", """", ""Fernando Bezerra Coelho Filho"", ""PSB"", ""12 de maio de 2016 [ 2 ]"", ""6 de abril de 2018""]",2015-01-01,2026-03-20,pinned_source_inventory_only_not_population_certified
michel_temer:0:41,michel_temer,0,41,True,"[""Minas e Energia"", """", ""Moreira Franco"", ""MDB"", ""6 de abril de 2018 [ 19 ]"", ""31 de dezembro de 2018""]",2015-01-01,2026-03-20,pinned_source_inventory_only_not_population_certified
michel_temer:0:42,michel_temer,0,42,True,"[""Planejamento, Orçamento e Gestão"", """", ""Romero Jucá"", ""MDB"", ""12 de maio de 2016 [ 2 ]"", ""23 de maio de 2016""]",2015-01-01,2026-03-20,pinned_source_inventory_only_not_population_certified
michel_temer:0:43,michel_temer,0,43,True,"[""Planejamento, Orçamento e Gestão"", """", ""Dyogo Oliveira (interino até 31 de março de 2016)"", ""MDB"", ""23 de maio de 2016"", ""7 de abril de 2018""]",2015-01-01,2026-03-20,pinned_source_inventory_only_not_population_certified
michel_temer:0:44,michel_temer,0,44,True,"[""Planejamento, Orçamento e Gestão"", """", ""Esteves Colnago"", ""-"", ""10 de abril de 2018 [ 20 ]"", ""31 de dezembro de 2018""]",2015-01-01,2026-03-20,pinned_source_inventory_only_not_population_certified
michel_temer:0:45,michel_temer,0,45,True,"[""Relações Exteriores"", """", ""José Serra"", ""PSDB"", ""12 de maio de 2016 [ 2 ]"", ""22 de fevereiro de 2017 [ 21 ]""]",2015-01-01,2026-03-20,pinned_source_inventory_only_not_population_certified
michel_temer:0:46,michel_temer,0,46,True,"[""Relações Exteriores"", """", ""Marcos Galvão (Interino)"", ""-"", ""22 de fevereiro de 2017"", ""7 de março de 2017""]",2015-01-01,2026-03-20,pinned_source_inventory_only_not_population_certified
michel_temer:0:47,michel_temer,0,47,True,"[""Relações Exteriores"", """", ""Aloysio Nunes"", ""PSDB"", ""7 de março de 2017"", ""1º de janeiro de 2019""]",2015-01-01,2026-03-20,pinned_source_inventory_only_not_population_certified
michel_temer:0:48,michel_temer,0,48,True,"[""Saúde"", """", ""Ricardo Barros"", ""PP"", ""12 de maio de 2016 [ 2 ]"", ""2 de abril de 2018""]",2015-01-01,2026-03-20,pinned_source_inventory_only_not_population_certified
michel_temer:0:49,michel_temer,0,49,True,"[""Saúde"", """", ""Gilberto Occhi"", ""PP"", ""2 de abril de 2018 [ 22 ]"", ""1 de janeiro de 2019""]",2015-01-01,2026-03-20,pinned_source_inventory_only_not_population_certified
michel_temer:0:50,michel_temer,0,50,False,"[""Secretaria de Governo"", """", ""Geddel Vieira Lima"", ""MDB"", ""12 de maio de 2016 [ 2 ]"", ""25 de novembro de 2016 [ 23 ] [ 7 ]""]",2015-01-01,2026-03-20,pinned_source_inventory_only_not_population_certified
michel_temer:0:51,michel_temer,0,51,False,"[""Secretaria de Governo"", """", ""Antônio Imbassahy"", ""PSDB"", ""3 de fevereiro de 2017"", ""15 de dezembro de 2017 [ 24 ]""]",2015-01-01,2026-03-20,pinned_source_inventory_only_not_population_certified
michel_temer:0:52,michel_temer,0,52,False,"[""Secretaria de Governo"", """", ""Carlos Marun"", ""MDB"", ""15 de dezembro de 2017 [ 25 ]"", ""28 de dezembro de 2018""]",2015-01-01,2026-03-20,pinned_source_inventory_only_not_population_certified
michel_temer:0:53,michel_temer,0,53,True,"[""Secretaria-Geral (Ministério criado em fevereiro de 2017)"", """", ""Moreira Franco"", ""MDB"", ""3 de fevereiro de 2017"", ""6 de abril de 2018""]",2015-01-01,2026-03-20,pinned_source_inventory_only_not_population_certified
michel_temer:0:54,michel_temer,0,54,False,"[""Secretaria-Geral (Ministério criado em fevereiro de 2017)"", """", ""Joaquim Oliveira (Interino)"", ""-"", """", """"]",2015-01-01,2026-03-20,pinned_source_inventory_only_not_population_certified
michel_temer:0:55,michel_temer,0,55,True,"[""Secretaria-Geral (Ministério criado em fevereiro de 2017)"", """", ""Ronaldo Fonseca"", ""PODE"", ""28 de maio de 2018"", ""31 de dezembro de 2018""]",2015-01-01,2026-03-20,pinned_source_inventory_only_not_population_certified
michel_temer:0:56,michel_temer,0,56,True,"[""Gabinete de Segurança Institucional"", """", ""Sérgio Etchegoyen"", ""-"", ""12 de maio de 2016 [ 2 ]"", ""31 de dezembro de 2018""]",2015-01-01,2026-03-20,pinned_source_inventory_only_not_population_certified
michel_temer:0:57,michel_temer,0,57,True,"[""Trabalho"", """", ""Ronaldo Nogueira"", ""PTB"", ""12 de maio de 2016 [ 2 ]"", ""27 de dezembro de 2017 [ 26 ]""]",2015-01-01,2026-03-20,pinned_source_inventory_only_not_population_certified
michel_temer:0:58,michel_temer,0,58,False,"[""Trabalho"", """", ""Cristiane Brasil (não assumiu por decisão judicial) [ 27 ] [ 26 ]"", ""PTB"", ""-"", ""-""]",2015-01-01,2026-03-20,pinned_source_inventory_only_not_population_certified
michel_temer:0:59,michel_temer,0,59,True,"[""Trabalho"", """", ""Helton Yomura (Interino até 10 de abril de 2018)"", ""-"", ""01 de janeiro de 2018 [ 28 ]"", ""5 de julho de 2018 [ 29 ]""]",2015-01-01,2026-03-20,pinned_source_inventory_only_not_population_certified
michel_temer:0:60,michel_temer,0,60,True,"[""Trabalho"", """", ""Caio Vieira de Mello"", ""-"", ""10 de julho de 2018 [ 30 ]"", ""31 de dezembro de 2018""]",2015-01-01,2026-03-20,pinned_source_inventory_only_not_population_certified
michel_temer:0:61,michel_temer,0,61,True,"[""Transportes, Portos e Aviação Civil"", """", ""Maurício Quintella Lessa"", ""PR"", ""12 de maio de 2016 [ 2 ]"", ""2 de abril de 2018""]",2015-01-01,2026-03-20,pinned_source_inventory_only_not_population_certified
michel_temer:0:62,michel_temer,0,62,True,"[""Transportes, Portos e Aviação Civil"", """", ""Valter Casimiro Silveira"", ""-"", ""2 de abril de 2018 [ 31 ]"", ""31 de dezembro de 2018""]",2015-01-01,2026-03-20,pinned_source_inventory_only_not_population_certified
michel_temer:0:63,michel_temer,0,63,True,"[""Turismo"", """", ""Henrique Eduardo Alves"", ""MDB"", ""12 de maio de 2016 [ 2 ]"", ""16 de junho de 2016""]",2015-01-01,2026-03-20,pinned_source_inventory_only_not_population_certified
michel_temer:0:64,michel_temer,0,64,True,"[""Turismo"", """", ""Alberto Alves (Interino)"", ""-"", ""17 de junho de 2016"", ""5 de outubro de 2016""]",2015-01-01,2026-03-20,pinned_source_inventory_only_not_population_certified
michel_temer:0:65,michel_temer,0,65,True,"[""Turismo"", """", ""Marx Beltrão"", ""MDB"", ""5 de outubro de 2016 [ 32 ]"", ""6 de abril de 2018""]",2015-01-01,2026-03-20,pinned_source_inventory_only_not_population_certified
michel_temer:0:66,michel_temer,0,66,True,"[""Turismo"", """", ""Vinicius Lummertz"", ""-"", ""10 de abril de 2018 [ 33 ]"", ""31 de dezembro de 2018""]",2015-01-01,2026-03-20,pinned_source_inventory_only_not_population_certified
michel_temer:0:67,michel_temer,0,67,True,"[""Segurança Pública (ministério criado em fevereiro de 2018)"", """", ""Raul Jungmann"", ""PPS"", ""27 de fevereiro de 2018 [ 13 ]"", ""1 de janeiro de 2019""]",2015-01-01,2026-03-20,pinned_source_inventory_only_not_population_certified
michel_temer:0:68,michel_temer,0,68,False,"[""Extraordinário de Coordenação do Gabinete de Transição Governamental (Criado em novembro de 2018, para a transição de governo)"", """", ""Onyx Lorenzoni"", ""DEM"", ""5 de novembro de 2018 [ 34 ] [ 35 ]"", ""1° de janeiro de 2019""]",2015-01-01,2026-03-20,pinned_source_inventory_only_not_population_certified
jair_bolsonaro:0:1,jair_bolsonaro,0,1,True,"[""Casa Civil"", """", ""Onyx Lorenzoni"", ""DEM"", ""1 de janeiro de 2019"", ""14 de fevereiro de 2020"", ""[ 1 ]""]",2015-01-01,2026-03-20,pinned_source_inventory_only_not_population_certified
jair_bolsonaro:0:2,jair_bolsonaro,0,2,True,"[""Casa Civil"", """", ""Walter Braga Netto"", ""—"", ""18 de fevereiro de 2020"", ""29 de março de 2021"", ""[ 2 ]""]",2015-01-01,2026-03-20,pinned_source_inventory_only_not_population_certified
jair_bolsonaro:0:3,jair_bolsonaro,0,3,True,"[""Casa Civil"", """", ""Luiz Eduardo Ramos"", ""—"", ""29 de março de 2021"", ""28 de julho de 2021"", """"]",2015-01-01,2026-03-20,pinned_source_inventory_only_not_population_certified
jair_bolsonaro:0:4,jair_bolsonaro,0,4,True,"[""Casa Civil"", """", ""Ciro Nogueira"", ""PP"", ""4 de agosto de 2021"", ""1 de janeiro de 2023"", ""[ 3 ]""]",2015-01-01,2026-03-20,pinned_source_inventory_only_not_population_certified
jair_bolsonaro:0:5,jair_bolsonaro,0,5,True,"[""Ministério da Economia"", """", ""Paulo Guedes"", ""—"", ""1 de janeiro de 2019"", ""1 de janeiro de 2023"", ""[ 1 ]""]",2015-01-01,2026-03-20,pinned_source_inventory_only_not_population_certified
jair_bolsonaro:0:6,jair_bolsonaro,0,6,False,"[""Ministério do Trabalho e Previdência Social"", """", ""Onyx Lorenzoni"", ""DEM / UNIÃO / PL"", ""1 de janeiro de 2019"", ""31 de março de 2022"", ""[ 4 ]""]",2015-01-01,2026-03-20,pinned_source_inventory_only_not_population_certified
jair_bolsonaro:0:7,jair_bolsonaro,0,7,False,"[""Ministério do Trabalho e Previdência Social"", """", ""José Carlos Oliveira"", ""—"", ""31 de março de 2022"", ""1 de janeiro de 2023"", ""[ 5 ]""]",2015-01-01,2026-03-20,pinned_source_inventory_only_not_population_certified
jair_bolsonaro:0:8,jair_bolsonaro,0,8,True,"[""Ministério da Ciência, Tecnologia e Inovações"", """", ""Marcos Pontes"", ""PL"", ""1 de janeiro 2019"", ""31 de março de 2022"", ""[ 6 ]""]",2015-01-01,2026-03-20,pinned_source_inventory_only_not_population_certified
jair_bolsonaro:0:9,jair_bolsonaro,0,9,True,"[""Ministério da Ciência, Tecnologia e Inovações"", """", ""Paulo César Alvim"", ""—"", ""31 de março de 2022"", ""1 de janeiro de 2023"", ""[ 7 ]""]",2015-01-01,2026-03-20,pinned_source_inventory_only_not_population_certified
jair_bolsonaro:0:10,jair_bolsonaro,0,10,True,"[""Ministério das Comunicações"", """", ""Fábio Faria"", ""PSD / PP"", ""17 de junho de 2020"", ""21 de dezembro de 2022"", ""[ 8 ] [ 9 ]""]",2015-01-01,2026-03-20,pinned_source_inventory_only_not_population_certified
jair_bolsonaro:0:11,jair_bolsonaro,0,11,True,"[""Ministério das Comunicações"", """", ""Maria Estella Dantas (interina)"", """", ""21 de dezembro de 2022"", ""1 de janeiro de 2023"", ""[ 9 ]""]",2015-01-01,2026-03-20,pinned_source_inventory_only_not_population_certified
jair_bolsonaro:0:12,jair_bolsonaro,0,12,True,"[""Ministério da Justiça e Segurança Pública"", """", ""Sergio Moro"", ""—"", ""1 de janeiro de 2019"", ""24 de abril de 2020"", ""[ 10 ]""]",2015-01-01,2026-03-20,pinned_source_inventory_only_not_population_certified
jair_bolsonaro:0:13,jair_bolsonaro,0,13,True,"[""Ministério da Justiça e Segurança Pública"", """", ""André Mendonça"", ""—"", ""29 de abril de 2020"", ""29 de março de 2021"", ""[ 11 ]""]",2015-01-01,2026-03-20,pinned_source_inventory_only_not_population_certified
jair_bolsonaro:0:14,jair_bolsonaro,0,14,True,"[""Ministério da Justiça e Segurança Pública"", """", ""Anderson Torres"", ""PSL / UNIÃO"", ""29 de março de 2021"", ""1 de janeiro de 2023"", ""[ 12 ]""]",2015-01-01,2026-03-20,pinned_source_inventory_only_not_population_certified
jair_bolsonaro:0:15,jair_bolsonaro,0,15,True,"[""Ministério da Agricultura, Pecuária e Abastecimento"", """", ""Tereza Cristina"", ""DEM / UNIÃO / PP"", ""1 de janeiro de 2019"", ""30 de março de 2022"", ""[ 13 ]""]",2015-01-01,2026-03-20,pinned_source_inventory_only_not_population_certified
jair_bolsonaro:0:16,jair_bolsonaro,0,16,True,"[""Ministério da Agricultura, Pecuária e Abastecimento"", """", ""Marcos Montes"", ""PSD"", ""31 de março de 2022"", ""1 de janeiro de 2023"", ""[ 14 ]""]",2015-01-01,2026-03-20,pinned_source_inventory_only_not_population_certified
jair_bolsonaro:0:17,jair_bolsonaro,0,17,True,"[""Gabinete de Segurança Institucional"", """", ""Augusto Heleno"", ""Patriota"", ""1 de janeiro de 2019"", ""1 de janeiro de 2023"", ""[ 15 ]""]",2015-01-01,2026-03-20,pinned_source_inventory_only_not_population_certified
jair_bolsonaro:0:18,jair_bolsonaro,0,18,True,"[""Ministério da Defesa"", """", ""Fernando Azevedo e Silva"", ""—"", ""1 de janeiro de 2019"", ""29 de março de 2021"", ""[ 16 ]""]",2015-01-01,2026-03-20,pinned_source_inventory_only_not_population_certified
jair_bolsonaro:0:19,jair_bolsonaro,0,19,True,"[""Ministério da Defesa"", """", ""Walter Braga Netto"", ""PL"", ""29 de março de 2021"", ""1 de abril de 2022"", ""[ 17 ]""]",2015-01-01,2026-03-20,pinned_source_inventory_only_not_population_certified
jair_bolsonaro:0:20,jair_bolsonaro,0,20,True,"[""Ministério da Defesa"", """", ""Paulo Sérgio Nogueira de Oliveira"", ""—"", ""1 de abril de 2022"", ""1 de janeiro de 2023"", ""[ 18 ]""]",2015-01-01,2026-03-20,pinned_source_inventory_only_not_population_certified
jair_bolsonaro:0:21,jair_bolsonaro,0,21,True,"[""Ministério das Relações Exteriores"", """", ""Ernesto Araújo"", ""—"", ""1 de janeiro de 2019"", ""29 de março de 2021"", ""[ 19 ]""]",2015-01-01,2026-03-20,pinned_source_inventory_only_not_population_certified
jair_bolsonaro:0:22,jair_bolsonaro,0,22,True,"[""Ministério das Relações Exteriores"", """", ""Carlos França"", ""—"", ""6 de abril de 2021"", ""1 de janeiro de 2023"", ""[ 20 ]""]",2015-01-01,2026-03-20,pinned_source_inventory_only_not_population_certified
jair_bolsonaro:0:23,jair_bolsonaro,0,23,False,"[""Banco Central do Brasil [ nota 1 ]"", """", ""Roberto Campos Neto"", ""—"", ""28 de fevereiro  de 2019"", ""31 de dezembro de 2024"", ""[ 21 ]""]",2015-01-01,2026-03-20,pinned_source_inventory_only_not_population_certified
jair_bolsonaro:0:24,jair_bolsonaro,0,24,True,"[""Controladoria-Geral da União"", """", ""Wagner Rosário"", ""—"", ""31 de maio de 2017"", ""1 de janeiro de 2023"", ""[ 22 ]""]",2015-01-01,2026-03-20,pinned_source_inventory_only_not_population_certified
jair_bolsonaro:0:25,jair_bolsonaro,0,25,True,"[""Ministério da Saúde"", """", ""Luiz Henrique Mandetta"", ""DEM"", ""1 de janeiro de 2019"", ""16 de abril de 2020"", ""[ 23 ]""]",2015-01-01,2026-03-20,pinned_source_inventory_only_not_population_certified
jair_bolsonaro:0:26,jair_bolsonaro,0,26,True,"[""Ministério da Saúde"", """", ""Nelson Teich"", ""—"", ""17 de abril de 2020"", ""15 de maio de 2020"", ""[ 24 ]""]",2015-01-01,2026-03-20,pinned_source_inventory_only_not_population_certified
jair_bolsonaro:0:27,jair_bolsonaro,0,27,True,"[""Ministério da Saúde"", """", ""Eduardo Pazuello"", ""—"", ""16 de maio de 2020"", ""23 de março de 2021"", ""[ 25 ]""]",2015-01-01,2026-03-20,pinned_source_inventory_only_not_population_certified
jair_bolsonaro:0:28,jair_bolsonaro,0,28,True,"[""Ministério da Saúde"", """", ""Marcelo Queiroga"", ""—"", ""23 de março de 2021"", ""1 de janeiro de 2023"", """"]",2015-01-01,2026-03-20,pinned_source_inventory_only_not_population_certified
jair_bolsonaro:0:29,jair_bolsonaro,0,29,True,"[""Advocacia-Geral da União"", """", ""André Mendonça"", ""—"", ""1 de janeiro de 2019"", ""27 de abril de 2020"", ""[ 26 ]""]",2015-01-01,2026-03-20,pinned_source_inventory_only_not_population_certified
jair_bolsonaro:0:30,jair_bolsonaro,0,30,True,"[""Advocacia-Geral da União"", """", ""José Levi Mello"", ""—"", ""29 de abril de 2020"", ""29 de março de 2021"", ""[ 27 ]""]",2015-01-01,2026-03-20,pinned_source_inventory_only_not_population_certified
jair_bolsonaro:0:31,jair_bolsonaro,0,31,True,"[""Advocacia-Geral da União"", """", ""André Mendonça"", ""—"", ""20 de março de 2021"", ""6 de agosto de 2021"", ""[ 28 ]""]",2015-01-01,2026-03-20,pinned_source_inventory_only_not_population_certified
jair_bolsonaro:0:32,jair_bolsonaro,0,32,True,"[""Advocacia-Geral da União"", """", ""Bruno Bianco Leal"", """", ""6 de agosto de 2021"", ""1 de janeiro de 2023"", ""[ 29 ]""]",2015-01-01,2026-03-20,pinned_source_inventory_only_not_population_certified
jair_bolsonaro:0:33,jair_bolsonaro,0,33,True,"[""Secretaria-Geral da Presidência da República"", """", ""Gustavo Bebianno [ nota 2 ]"", ""PSL"", ""1 de janeiro de 2019"", ""18 de fevereiro de 2019"", ""[ 30 ]""]",2015-01-01,2026-03-20,pinned_source_inventory_only_not_population_certified
jair_bolsonaro:0:34,jair_bolsonaro,0,34,True,"[""Secretaria-Geral da Presidência da República"", """", ""Floriano Peixoto Vieira Neto [ nota 3 ]"", ""—"", ""18 de fevereiro de 2019"", ""20 de junho de 2019"", ""[ 32 ]""]",2015-01-01,2026-03-20,pinned_source_inventory_only_not_population_certified
jair_bolsonaro:0:35,jair_bolsonaro,0,35,True,"[""Secretaria-Geral da Presidência da República"", """", ""Jorge Oliveira"", ""—"", ""21 de junho de 2019"", ""31 de dezembro de 2020"", ""[ 33 ]""]",2015-01-01,2026-03-20,pinned_source_inventory_only_not_population_certified
jair_bolsonaro:0:36,jair_bolsonaro,0,36,True,"[""Secretaria-Geral da Presidência da República"", """", ""Pedro Cesar Sousa (interino)"", ""—"", ""7 de outubro de 2020"", ""12 de fevereiro de 2021"", ""[ 34 ]""]",2015-01-01,2026-03-20,pinned_source_inventory_only_not_population_certified
jair_bolsonaro:0:37,jair_bolsonaro,0,37,True,"[""Secretaria-Geral da Presidência da República"", """", ""Onyx Lorenzoni"", ""DEM"", ""12 de fevereiro de 2021"", ""28 de julho de 2021"", ""[ 35 ]""]",2015-01-01,2026-03-20,pinned_source_inventory_only_not_population_certified
jair_bolsonaro:0:38,jair_bolsonaro,0,38,True,"[""Secretaria-Geral da Presidência da República"", """", ""Luiz Eduardo Ramos"", ""—"", ""28 de julho de 2021"", ""1 de janeiro de 2023"", ""[ 3 ]""]",2015-01-01,2026-03-20,pinned_source_inventory_only_not_population_certified
jair_bolsonaro:0:39,jair_bolsonaro,0,39,True,"[""Ministério da Educação"", """", ""Ricardo Vélez Rodríguez [ nota 4 ]"", ""—"", ""1 de janeiro de 2019"", ""8 de abril de 2019"", ""[ 36 ]""]",2015-01-01,2026-03-20,pinned_source_inventory_only_not_population_certified
jair_bolsonaro:0:40,jair_bolsonaro,0,40,True,"[""Ministério da Educação"", """", ""Abraham Weintraub"", ""—"", ""8 de abril de 2019"", ""20 de junho de 2020"", ""[ 37 ] [ 38 ]""]",2015-01-01,2026-03-20,pinned_source_inventory_only_not_population_certified
jair_bolsonaro:0:41,jair_bolsonaro,0,41,True,"[""Ministério da Educação"", """", ""Carlos Decotelli"", ""—"", ""25 de junho de 2020"", ""30 de junho 2020"", ""[ 39 ]""]",2015-01-01,2026-03-20,pinned_source_inventory_only_not_population_certified
jair_bolsonaro:0:42,jair_bolsonaro,0,42,False,"[""Ministério da Educação"", """", ""Antonio Paulo Vogel (interino)"", ""—"", ""20 de junho de 2020 e novamente em 30 de junho de 2020"", ""20 de junho de 2020"", ""[ 40 ]""]",2015-01-01,2026-03-20,pinned_source_inventory_only_not_population_certified
jair_bolsonaro:0:43,jair_bolsonaro,0,43,True,"[""Ministério da Educação"", """", ""Milton Ribeiro"", ""—"", ""16 de julho de 2020"", ""28 de março de 2022"", ""[ 41 ]""]",2015-01-01,2026-03-20,pinned_source_inventory_only_not_population_certified
jair_bolsonaro:0:44,jair_bolsonaro,0,44,True,"[""Ministério da Educação"", """", ""Victor Godoy Veiga"", ""—"", ""29 de março de 2022"", ""1 de janeiro de 2023"", ""[ 42 ]""]",2015-01-01,2026-03-20,pinned_source_inventory_only_not_population_certified
jair_bolsonaro:0:45,jair_bolsonaro,0,45,True,"[""Secretaria de Governo"", """", ""Carlos Alberto dos Santos Cruz"", ""—"", ""1 de janeiro de 2019"", ""13 de junho de 2019"", ""[ 43 ]""]",2015-01-01,2026-03-20,pinned_source_inventory_only_not_population_certified
jair_bolsonaro:0:46,jair_bolsonaro,0,46,True,"[""Secretaria de Governo"", """", ""Luiz Eduardo Ramos"", ""—"", ""13 de junho de 2019"", ""29 de março de 2021"", ""[ 44 ]""]",2015-01-01,2026-03-20,pinned_source_inventory_only_not_population_certified
jair_bolsonaro:0:47,jair_bolsonaro,0,47,True,"[""Secretaria de Governo"", """", ""Flávia Arruda"", ""PL"", ""20 de março de 2021"", ""31 de março de 2022"", ""[ 45 ]""]",2015-01-01,2026-03-20,pinned_source_inventory_only_not_population_certified
jair_bolsonaro:0:48,jair_bolsonaro,0,48,True,"[""Secretaria de Governo"", """", ""Célio Faria Júnior"", ""—"", ""31 de março de 2022"", ""1 de janeiro de 2023"", ""[ 46 ]""]",2015-01-01,2026-03-20,pinned_source_inventory_only_not_population_certified
jair_bolsonaro:0:49,jair_bolsonaro,0,49,True,"[""Ministério da Infraestrutura"", """", ""Tarcísio de Freitas"", ""Republicanos"", ""1 de janeiro de 2019"", ""31 de março de 2022"", ""[ 47 ]""]",2015-01-01,2026-03-20,pinned_source_inventory_only_not_population_certified
jair_bolsonaro:0:50,jair_bolsonaro,0,50,True,"[""Ministério da Infraestrutura"", """", ""Marcelo Sampaio"", ""—"", ""31 de março de 2022"", ""1 de janeiro de 2023"", ""[ 48 ]""]",2015-01-01,2026-03-20,pinned_source_inventory_only_not_population_certified
jair_bolsonaro:0:51,jair_bolsonaro,0,51,True,"[""Ministério do Desenvolvimento Regional"", """", ""Gustavo Canuto"", ""—"", ""1 de janeiro de 2019"", ""11 de fevereiro de 2020"", ""[ 49 ]""]",2015-01-01,2026-03-20,pinned_source_inventory_only_not_population_certified
jair_bolsonaro:0:52,jair_bolsonaro,0,52,True,"[""Ministério do Desenvolvimento Regional"", """", ""Rogério Marinho"", ""PSDB / PL"", ""11 de fevereiro de 2020"", ""31 de março de 2022"", ""[ 50 ]""]",2015-01-01,2026-03-20,pinned_source_inventory_only_not_population_certified
jair_bolsonaro:0:53,jair_bolsonaro,0,53,True,"[""Ministério do Desenvolvimento Regional"", """", ""Daniel Duarte Ferreira"", ""—"", ""31 de março de 2022"", ""1 de janeiro de 2023"", ""[ 51 ]""]",2015-01-01,2026-03-20,pinned_source_inventory_only_not_population_certified
jair_bolsonaro:0:54,jair_bolsonaro,0,54,True,"[""Ministério da Cidadania"", """", ""Osmar Terra"", ""MDB"", ""1 de janeiro de 2019"", ""14 de fevereiro de 2020"", ""[ 52 ]""]",2015-01-01,2026-03-20,pinned_source_inventory_only_not_population_certified
jair_bolsonaro:0:55,jair_bolsonaro,0,55,True,"[""Ministério da Cidadania"", """", ""Onyx Lorenzoni"", ""DEM"", ""18 de fevereiro de 2020"", ""12 de fevereiro de 2021"", ""[ 2 ]""]",2015-01-01,2026-03-20,pinned_source_inventory_only_not_population_certified
jair_bolsonaro:0:56,jair_bolsonaro,0,56,True,"[""Ministério da Cidadania"", """", ""João Roma"", ""REP / PL"", ""12 de fevereiro de 2021"", ""31 de março de 2022"", ""[ 35 ]""]",2015-01-01,2026-03-20,pinned_source_inventory_only_not_population_certified
jair_bolsonaro:0:57,jair_bolsonaro,0,57,True,"[""Ministério da Cidadania"", """", ""Ronaldo Vieira Bento"", ""—"", ""31 de março de 2022"", ""1 de janeiro de 2023"", ""[ 53 ]""]",2015-01-01,2026-03-20,pinned_source_inventory_only_not_population_certified
jair_bolsonaro:0:58,jair_bolsonaro,0,58,True,"[""Ministério do Turismo"", """", ""Marcelo Álvaro Antônio"", ""PSL"", ""1 de janeiro de 2019"", ""9 de dezembro de 2020"", ""[ 54 ]""]",2015-01-01,2026-03-20,pinned_source_inventory_only_not_population_certified
jair_bolsonaro:0:59,jair_bolsonaro,0,59,True,"[""Ministério do Turismo"", """", ""Gilson Machado Neto"", ""PSC / PL"", ""9 de dezembro de 2020"", ""31 de março de 2022"", ""[ 55 ]""]",2015-01-01,2026-03-20,pinned_source_inventory_only_not_population_certified
jair_bolsonaro:0:60,jair_bolsonaro,0,60,True,"[""Ministério do Turismo"", """", ""Carlos Alberto Gomes de Brito"", ""—"", ""31 de março de 2022"", ""1 de janeiro de 2023"", ""[ 56 ]""]",2015-01-01,2026-03-20,pinned_source_inventory_only_not_population_certified
jair_bolsonaro:0:61,jair_bolsonaro,0,61,True,"[""Ministério de Minas e Energia"", """", ""Bento Albuquerque"", ""—"", ""1 de janeiro de 2019"", ""11 de maio de 2022"", ""[ 57 ]""]",2015-01-01,2026-03-20,pinned_source_inventory_only_not_population_certified
jair_bolsonaro:0:62,jair_bolsonaro,0,62,True,"[""Ministério de Minas e Energia"", """", ""Adolfo Sachsida"", ""---"", ""11 de maio de 2022"", ""1 de janeiro de 2023"", ""[ 58 ]""]",2015-01-01,2026-03-20,pinned_source_inventory_only_not_population_certified
jair_bolsonaro:0:63,jair_bolsonaro,0,63,True,"[""Ministério da Mulher, da Família e dos Direitos Humanos"", """", ""Damares Alves"", ""PP / Republicanos"", ""1 de janeiro de 2019"", ""30 de março de 2022"", ""[ 59 ]""]",2015-01-01,2026-03-20,pinned_source_inventory_only_not_population_certified
jair_bolsonaro:0:64,jair_bolsonaro,0,64,True,"[""Ministério da Mulher, da Família e dos Direitos Humanos"", """", ""Cristiane Britto"", ""Republicanos"", ""30 de março de 2022"", ""1 de janeiro de 2023"", ""[ 56 ]""]",2015-01-01,2026-03-20,pinned_source_inventory_only_not_population_certified
jair_bolsonaro:0:65,jair_bolsonaro,0,65,True,"[""Ministério do Meio Ambiente"", """", ""Ricardo Salles"", ""NOVO"", ""1 de janeiro de 2019"", ""23 de junho de 2021"", ""[ 60 ]""]",2015-01-01,2026-03-20,pinned_source_inventory_only_not_population_certified
jair_bolsonaro:0:66,jair_bolsonaro,0,66,True,"[""Ministério do Meio Ambiente"", """", ""Joaquim Alvaro Pereira Leite"", ""—"", ""23 de junho de 2021"", ""1 de janeiro de 2023"", ""[ 61 ]""]",2015-01-01,2026-03-20,pinned_source_inventory_only_not_population_certified
jair_bolsonaro:0:67,jair_bolsonaro,0,67,False,"[""Extraordinário de Coordenação do Gabinete de Transição Governamental (criado em novembro de 2022 para a Transição Governamental)"", """", ""Geraldo Alckmin"", ""PSB"", ""1 de novembro de 2022"", ""22 de dezembro de 2022"", ""[ 62 ]""]",2015-01-01,2026-03-20,pinned_source_inventory_only_not_population_certified
lula_2023_presente:2:1,lula_2023_presente,2,1,False,"[""Ministério"", ""Incumbente"", ""Incumbente"", ""Partido"", ""Posse no dia"", ""Saída no dia"", ""Ref.""]",2015-01-01,2026-03-20,pinned_source_inventory_only_not_population_certified
lula_2023_presente:2:2,lula_2023_presente,2,2,True,"[""Agricultura e Pecuária"", """", ""Carlos Fávaro"", ""PSD / MT"", ""1.º de janeiro de 2023"", ""Em exercício"", """"]",2015-01-01,2026-03-20,pinned_source_inventory_only_not_population_certified
lula_2023_presente:2:3,lula_2023_presente,2,3,True,"[""Cidades"", """", ""Jader Barbalho Filho"", ""MDB / PA"", ""1.º de janeiro de 2023"", ""Em exercício"", ""[ 6 ]""]",2015-01-01,2026-03-20,pinned_source_inventory_only_not_population_certified
lula_2023_presente:2:4,lula_2023_presente,2,4,True,"[""Ciência, Tecnologia e Inovação"", """", ""Luciana Santos"", ""PCdoB / PE"", ""1.º de janeiro de 2023"", ""Em exercício"", """"]",2015-01-01,2026-03-20,pinned_source_inventory_only_not_population_certified
lula_2023_presente:2:5,lula_2023_presente,2,5,True,"[""Comunicações"", """", ""Juscelino Filho"", ""UNIÃO / MA"", ""1.º de janeiro de 2023"", ""9 de abril de 2025"", ""[ 7 ]""]",2015-01-01,2026-03-20,pinned_source_inventory_only_not_population_certified
lula_2023_presente:2:6,lula_2023_presente,2,6,True,"[""Comunicações"", """", ""Sônia Faustino Mendes (interina)"", ""Sem partido"", ""9 de abril de 2025"", ""24 de abril de 2025"", """"]",2015-01-01,2026-03-20,pinned_source_inventory_only_not_population_certified
lula_2023_presente:2:7,lula_2023_presente,2,7,True,"[""Comunicações"", """", ""Frederico Siqueira"", ""Sem partido/ PE"", ""24 de abril de 2025"", ""Em exercício"", ""[ 8 ]""]",2015-01-01,2026-03-20,pinned_source_inventory_only_not_population_certified
lula_2023_presente:2:8,lula_2023_presente,2,8,True,"[""Cultura"", """", ""Margareth Menezes"", ""Sem partido/ BA"", ""1.º de janeiro de 2023"", ""Em exercício"", ""[ 9 ]""]",2015-01-01,2026-03-20,pinned_source_inventory_only_not_population_certified
lula_2023_presente:2:9,lula_2023_presente,2,9,True,"[""Defesa"", """", ""José Múcio"", ""Sem partido/ PE"", ""1.º de janeiro de 2023"", ""Em exercício"", """"]",2015-01-01,2026-03-20,pinned_source_inventory_only_not_population_certified
lula_2023_presente:2:10,lula_2023_presente,2,10,True,"[""Desenvolvimento Agrário e Agricultura Familiar"", """", ""Paulo Teixeira"", ""PT / SP"", ""1.º de janeiro de 2023"", ""Em exercício"", """"]",2015-01-01,2026-03-20,pinned_source_inventory_only_not_population_certified
lula_2023_presente:2:11,lula_2023_presente,2,11,True,"[""Desenvolvimento, Indústria, Comércio e Serviços"", """", ""Geraldo Alckmin"", ""PSB / SP"", ""1.º de janeiro de 2023"", ""Em exercício"", ""[ 10 ]""]",2015-01-01,2026-03-20,pinned_source_inventory_only_not_population_certified
lula_2023_presente:2:12,lula_2023_presente,2,12,True,"[""Desenvolvimento e Assistência Social, Família e Combate à Fome"", """", ""Wellington Dias"", ""PT / PI"", ""1.º de janeiro de 2023"", ""Em exercício"", """"]",2015-01-01,2026-03-20,pinned_source_inventory_only_not_population_certified
lula_2023_presente:2:13,lula_2023_presente,2,13,True,"[""Direitos Humanos e Cidadania"", """", ""Silvio Almeida"", ""Sem partido/ SP"", ""1.º de janeiro de 2023"", ""6 de setembro de 2024"", ""[ 11 ]""]",2015-01-01,2026-03-20,pinned_source_inventory_only_not_population_certified
lula_2023_presente:2:14,lula_2023_presente,2,14,True,"[""Direitos Humanos e Cidadania"", """", ""Esther Dweck"", ""Sem partido/ RJ"", ""6 de setembro de 2024"", ""27 de setembro de 2024"", ""[ 12 ]""]",2015-01-01,2026-03-20,pinned_source_inventory_only_not_population_certified
lula_2023_presente:2:15,lula_2023_presente,2,15,True,"[""Direitos Humanos e Cidadania"", """", ""Macaé Evaristo"", ""PT / MG"", ""27 de setembro de 2024"", ""Em exercício"", ""[ 13 ]""]",2015-01-01,2026-03-20,pinned_source_inventory_only_not_population_certified
lula_2023_presente:2:16,lula_2023_presente,2,16,True,"[""Educação"", """", ""Camilo Santana"", ""PT / CE"", ""1.º de janeiro de 2023"", ""Em exercício"", """"]",2015-01-01,2026-03-20,pinned_source_inventory_only_not_population_certified
lula_2023_presente:2:17,lula_2023_presente,2,17,True,"[""Empreendedorismo, da Microempresa e da Empresa de Pequeno Porte"", """", ""Márcio França"", ""PSB / SP"", ""13 de setembro de 2023"", ""Em exercício"", ""[ 14 ]""]",2015-01-01,2026-03-20,pinned_source_inventory_only_not_population_certified
lula_2023_presente:2:18,lula_2023_presente,2,18,True,"[""Esporte"", """", ""Ana Moser"", ""Sem partido/ SC"", ""1.º de janeiro de 2023"", ""6 de setembro de 2023"", ""[ 15 ] [ 16 ]""]",2015-01-01,2026-03-20,pinned_source_inventory_only_not_population_certified
lula_2023_presente:2:19,lula_2023_presente,2,19,True,"[""Esporte"", """", ""André Fufuca"", ""PP / MA"", ""13 de setembro de 2023"", ""Em exercício"", ""[ 17 ]""]",2015-01-01,2026-03-20,pinned_source_inventory_only_not_population_certified
lula_2023_presente:2:20,lula_2023_presente,2,20,True,"[""Fazenda"", """", ""Fernando Haddad"", ""PT / SP"", ""1.º de janeiro de 2023"", ""19 de março de 2026"", ""[ 18 ]""]",2015-01-01,2026-03-20,pinned_source_inventory_only_not_population_certified
lula_2023_presente:2:21,lula_2023_presente,2,21,True,"[""Fazenda"", """", ""Dario Durigan"", ""Sem partido/ SP"", ""19 de março de 2026"", ""Em exercício"", ""[ 18 ]""]",2015-01-01,2026-03-20,pinned_source_inventory_only_not_population_certified
lula_2023_presente:2:22,lula_2023_presente,2,22,True,"[""Gestão e da Inovação em Serviços Públicos"", """", ""Esther Dweck"", ""Sem partido/ RJ"", ""1.º de janeiro de 2023"", ""Em exercício"", """"]",2015-01-01,2026-03-20,pinned_source_inventory_only_not_population_certified
lula_2023_presente:2:23,lula_2023_presente,2,23,True,"[""Igualdade Racial"", """", ""Anielle Franco"", ""PT / RJ"", ""1.º de janeiro de 2023"", ""Em exercício"", """"]",2015-01-01,2026-03-20,pinned_source_inventory_only_not_population_certified
lula_2023_presente:2:24,lula_2023_presente,2,24,True,"[""Integração e Desenvolvimento Regional"", """", ""Waldez Góes"", ""PDT / AP"", ""1.º de janeiro de 2023"", ""Em exercício"", """"]",2015-01-01,2026-03-20,pinned_source_inventory_only_not_population_certified
lula_2023_presente:2:25,lula_2023_presente,2,25,True,"[""Justiça e Segurança Pública"", """", ""Flávio Dino"", ""PSB / MA"", ""1.º de janeiro de 2023"", ""1.º de fevereiro de 2024"", ""[ 19 ]""]",2015-01-01,2026-03-20,pinned_source_inventory_only_not_population_certified
lula_2023_presente:2:26,lula_2023_presente,2,26,True,"[""Justiça e Segurança Pública"", """", ""Ricardo Lewandowski"", ""Sem partido/ RJ"", ""1.º de fevereiro de 2024"", ""9 de janeiro de 2026"", ""[ 20 ] [ 21 ]""]",2015-01-01,2026-03-20,pinned_source_inventory_only_not_population_certified
lula_2023_presente:2:27,lula_2023_presente,2,27,True,"[""Justiça e Segurança Pública"", """", ""Manoel Carlos de Almeida Neto (interino)"", ""Sem partido"", ""9 de janeiro de 2026"", ""13 de janeiro de 2026"", ""[ 22 ]""]",2015-01-01,2026-03-20,pinned_source_inventory_only_not_population_certified
lula_2023_presente:2:28,lula_2023_presente,2,28,True,"[""Justiça e Segurança Pública"", """", ""Wellington César Lima e Silva"", ""Sem partido"", ""13 de janeiro de 2026"", ""Em exercício"", ""[ 23 ]""]",2015-01-01,2026-03-20,pinned_source_inventory_only_not_population_certified
lula_2023_presente:2:29,lula_2023_presente,2,29,True,"[""Meio Ambiente e Mudança do Clima"", """", ""Marina Silva"", ""REDE / SP"", ""1.º de janeiro de 2023"", ""Em exercício"", """"]",2015-01-01,2026-03-20,pinned_source_inventory_only_not_population_certified
lula_2023_presente:2:30,lula_2023_presente,2,30,True,"[""Minas e Energia"", """", ""Alexandre Silveira"", ""PSD / MG"", ""1.º de janeiro de 2023"", ""Em exercício"", """"]",2015-01-01,2026-03-20,pinned_source_inventory_only_not_population_certified
lula_2023_presente:2:31,lula_2023_presente,2,31,True,"[""Mulheres"", """", ""Cida Gonçalves"", ""PT / MS"", ""1.º de janeiro de 2023"", ""5 de maio de 2025"", ""[ 24 ]""]",2015-01-01,2026-03-20,pinned_source_inventory_only_not_population_certified
lula_2023_presente:2:32,lula_2023_presente,2,32,True,"[""Mulheres"", """", ""Márcia Lopes"", ""PT / PR"", ""5 de maio de 2025"", ""Em exercício"", ""[ 24 ]""]",2015-01-01,2026-03-20,pinned_source_inventory_only_not_population_certified
lula_2023_presente:2:33,lula_2023_presente,2,33,True,"[""Pesca e Aquicultura"", """", ""André de Paula"", ""PSD / PE"", ""1.º de janeiro de 2023"", ""Em exercício"", """"]",2015-01-01,2026-03-20,pinned_source_inventory_only_not_population_certified
lula_2023_presente:2:34,lula_2023_presente,2,34,True,"[""Planejamento e Orçamento"", """", ""Simone Tebet"", ""PSB / SP"", ""1.º de janeiro de 2023"", ""Em exercício"", ""[ 25 ]""]",2015-01-01,2026-03-20,pinned_source_inventory_only_not_population_certified
lula_2023_presente:2:35,lula_2023_presente,2,35,True,"[""Portos e Aeroportos"", """", ""Márcio França"", ""PSB / SP"", ""1.º de janeiro de 2023"", ""6 de setembro de 2023"", ""[ 26 ]""]",2015-01-01,2026-03-20,pinned_source_inventory_only_not_population_certified
lula_2023_presente:2:36,lula_2023_presente,2,36,True,"[""Portos e Aeroportos"", """", ""Sílvio Costa Filho"", ""Republicanos / PE"", ""13 de setembro de 2023"", ""Em exercício"", ""[ 27 ]""]",2015-01-01,2026-03-20,pinned_source_inventory_only_not_population_certified
lula_2023_presente:2:37,lula_2023_presente,2,37,True,"[""Povos Indígenas"", """", ""Sônia Guajajara"", ""PSOL / SP"", ""1.º de janeiro de 2023"", ""Em exercício"", """"]",2015-01-01,2026-03-20,pinned_source_inventory_only_not_population_certified
lula_2023_presente:2:38,lula_2023_presente,2,38,True,"[""Previdência Social"", """", ""Carlos Lupi"", ""PDT / RJ"", ""1.º de janeiro de 2023"", ""2 de maio de 2025"", ""[ 28 ]""]",2015-01-01,2026-03-20,pinned_source_inventory_only_not_population_certified
lula_2023_presente:2:39,lula_2023_presente,2,39,True,"[""Previdência Social"", """", ""Wolney Queiroz"", ""PDT / PE"", ""2 de maio de 2025"", ""Em exercício"", ""[ 28 ]""]",2015-01-01,2026-03-20,pinned_source_inventory_only_not_population_certified
lula_2023_presente:2:40,lula_2023_presente,2,40,True,"[""Relações Exteriores"", """", ""Mauro Vieira"", ""Sem partido/ RJ"", ""1.º de janeiro de 2023"", ""Em exercício"", """"]",2015-01-01,2026-03-20,pinned_source_inventory_only_not_population_certified
lula_2023_presente:2:41,lula_2023_presente,2,41,True,"[""Saúde"", """", ""Nísia Trindade"", ""Sem partido/ RJ"", ""1.º de janeiro de 2023"", ""10 de março de 2025"", ""[ 29 ] [ 30 ]""]",2015-01-01,2026-03-20,pinned_source_inventory_only_not_population_certified
lula_2023_presente:2:42,lula_2023_presente,2,42,True,"[""Saúde"", """", ""Alexandre Padilha"", ""PT / SP"", ""10 de março de 2025"", ""Em exercício"", ""[ 29 ] [ 30 ]""]",2015-01-01,2026-03-20,pinned_source_inventory_only_not_population_certified
lula_2023_presente:2:43,lula_2023_presente,2,43,True,"[""Trabalho e Emprego"", """", ""Luiz Marinho"", ""PT / SP"", ""1.º de janeiro de 2023"", ""Em exercício"", """"]",2015-01-01,2026-03-20,pinned_source_inventory_only_not_population_certified
lula_2023_presente:2:44,lula_2023_presente,2,44,True,"[""Transportes"", """", ""Renan Filho"", ""MDB / AL"", ""1.º de janeiro de 2023"", ""Em exercício"", """"]",2015-01-01,2026-03-20,pinned_source_inventory_only_not_population_certified
lula_2023_presente:2:45,lula_2023_presente,2,45,True,"[""Turismo"", """", ""Daniela Carneiro"", ""UNIÃO / RJ"", ""1.º de janeiro de 2023"", ""14 de julho de 2023"", ""[ 31 ]""]",2015-01-01,2026-03-20,pinned_source_inventory_only_not_population_certified
lula_2023_presente:2:46,lula_2023_presente,2,46,True,"[""Turismo"", """", ""Celso Sabino"", ""UNIÃO / PA"", ""3 de agosto de 2023"", ""23 de dezembro de 2025"", ""[ 32 ]""]",2015-01-01,2026-03-20,pinned_source_inventory_only_not_population_certified
lula_2023_presente:2:47,lula_2023_presente,2,47,True,"[""Turismo"", """", ""Gustavo Feliciano"", ""Sem partido/ PB"", ""23 de dezembro de 2025"", ""Em exercício"", ""[ 33 ]""]",2015-01-01,2026-03-20,pinned_source_inventory_only_not_population_certified
lula_2023_presente:2:48,lula_2023_presente,2,48,False,"[""Órgãos com status de ministério"", ""Órgãos com status de ministério"", ""Órgãos com status de ministério"", ""Órgãos com status de ministério"", ""Órgãos com status de ministério"", ""Órgãos com status de ministério"", ""Órgãos com status de ministério""]",2015-01-01,2026-03-20,pinned_source_inventory_only_not_population_certified
lula_2023_presente:2:49,lula_2023_presente,2,49,True,"[""Advocacia-Geral da União"", """", ""Jorge Messias"", ""PT / PE"", ""1.º de janeiro de 2023"", ""Em exercício"", """"]",2015-01-01,2026-03-20,pinned_source_inventory_only_not_population_certified
lula_2023_presente:2:50,lula_2023_presente,2,50,True,"[""Controladoria-Geral da União"", """", ""Vinícius Marques de Carvalho"", ""Sem partido/ SP"", ""1.º de janeiro de 2023"", ""Em exercício"", """"]",2015-01-01,2026-03-20,pinned_source_inventory_only_not_population_certified
lula_2023_presente:2:51,lula_2023_presente,2,51,True,"[""Casa Civil"", """", ""Rui Costa"", ""PT / BA"", ""1.º de janeiro de 2023"", ""Em exercício"", """"]",2015-01-01,2026-03-20,pinned_source_inventory_only_not_population_certified
lula_2023_presente:2:52,lula_2023_presente,2,52,True,"[""Gabinete de Segurança Institucional"", """", ""Gonçalves Dias"", ""Sem partido/ SP"", ""1.º de janeiro de 2023"", ""19 de abril de 2023"", ""[ 34 ]""]",2015-01-01,2026-03-20,pinned_source_inventory_only_not_population_certified
lula_2023_presente:2:53,lula_2023_presente,2,53,True,"[""Gabinete de Segurança Institucional"", """", ""Ricardo Cappelli (interino)"", ""PSB / RJ"", ""19 de abril de 2023"", ""4 de maio de 2023"", ""[ 35 ]""]",2015-01-01,2026-03-20,pinned_source_inventory_only_not_population_certified
lula_2023_presente:2:54,lula_2023_presente,2,54,True,"[""Gabinete de Segurança Institucional"", """", ""Marcos Antonio Amaro dos Santos"", ""Sem partido/ SP"", ""4 de maio de 2023"", ""Em exercício"", ""[ 36 ]""]",2015-01-01,2026-03-20,pinned_source_inventory_only_not_population_certified
lula_2023_presente:2:55,lula_2023_presente,2,55,False,"[""Secretarias com status de ministério"", ""Secretarias com status de ministério"", ""Secretarias com status de ministério"", ""Secretarias com status de ministério"", ""Secretarias com status de ministério"", ""Secretarias com status de ministério"", ""Secretarias com status de ministério""]",2015-01-01,2026-03-20,pinned_source_inventory_only_not_population_certified
lula_2023_presente:2:56,lula_2023_presente,2,56,True,"[""Secretaria-Geral da Presidência da República"", """", ""Márcio Macêdo"", ""PT / SE"", ""1.º de janeiro de 2023"", ""29 de outubro de 2025""]",2015-01-01,2026-03-20,pinned_source_inventory_only_not_population_certified
lula_2023_presente:2:57,lula_2023_presente,2,57,True,"[""Secretaria-Geral da Presidência da República"", """", ""Guilherme Boulos"", ""PSOL / SP"", ""29 de outubro de 2025"", ""Em exercício"", ""[ 37 ]""]",2015-01-01,2026-03-20,pinned_source_inventory_only_not_population_certified
lula_2023_presente:2:58,lula_2023_presente,2,58,True,"[""Secretaria de Comunicação Social"", """", ""Paulo Pimenta"", ""PT / RS"", ""1.º de janeiro de 2023"", ""8 de janeiro de 2025"", ""[ 38 ]""]",2015-01-01,2026-03-20,pinned_source_inventory_only_not_population_certified
lula_2023_presente:2:59,lula_2023_presente,2,59,True,"[""Secretaria de Comunicação Social"", """", ""Laércio Portela (interino)"", ""Sem partido/ PE"", ""15 de maio de 2024"", ""10 de setembro de 2024"", ""[ 39 ]""]",2015-01-01,2026-03-20,pinned_source_inventory_only_not_population_certified
lula_2023_presente:2:60,lula_2023_presente,2,60,True,"[""Secretaria de Comunicação Social"", """", ""Sidônio Palmeira"", ""Sem partido/ BA"", ""07 de janeiro de 2025"", ""Em exercício"", ""[ 40 ]""]",2015-01-01,2026-03-20,pinned_source_inventory_only_not_population_certified
lula_2023_presente:2:61,lula_2023_presente,2,61,True,"[""Secretaria Extraordinária da Presidência da República para Apoio à Reconstrução do Rio Grande do Sul"", """", ""Paulo Pimenta"", ""PT / RS"", ""15 de maio de 2024"", ""10 de setembro de 2024 (Secretaria extinta)"", ""[ 41 ]""]",2015-01-01,2026-03-20,pinned_source_inventory_only_not_population_certified
lula_2023_presente:2:62,lula_2023_presente,2,62,True,"[""Secretaria de Relações Institucionais"", """", ""Alexandre Padilha"", ""PT / SP"", ""1.º de janeiro de 2023"", ""10 de março de 2025"", ""[ 29 ]""]",2015-01-01,2026-03-20,pinned_source_inventory_only_not_population_certified
lula_2023_presente:2:63,lula_2023_presente,2,63,True,"[""Secretaria de Relações Institucionais"", """", ""Gleisi Hoffmann"", ""PT / PR"", ""10 de março de 2025"", ""Em exercício"", ""[ 42 ] [ 30 ]""]",2015-01-01,2026-03-20,pinned_source_inventory_only_not_population_certified
