office_inventory_id,office_id,government_reporting_scope,office_name,start_inclusive,end_exclusive,status_category,proposed_inclusion,evidence_ids,verification_status,prior_inventory,notes,coverage_start,coverage_end_exclusive,population_completeness
OFFINV-001,office-ad59aaab6eed,dilma_2,Advocacia-Geral da União,2015-01-01,2016-05-12,other_minister_of_state_office,include,OFF-004,status_candidate_historical_legal_version_check_pending,present,"Candidate legal-scope interval, not a certified occupancy interval. Later amendments and capacity histories need full audit.",2015-01-01,2026-03-20,not_certified
OFFINV-002,office-71c76d75c4d2,dilma_2,Casa Civil,2015-01-01,2016-05-12,other_minister_of_state_office,include,OFF-004,status_candidate_historical_legal_version_check_pending,present,"Candidate legal-scope interval, not a certified occupancy interval. Later amendments and capacity histories need full audit.",2015-01-01,2026-03-20,not_certified
OFFINV-003,office-8504c8891abf,dilma_2,Controladoria-Geral da União,2015-01-01,2016-05-12,other_minister_of_state_office,include,OFF-004,status_candidate_historical_legal_version_check_pending,present,"Candidate legal-scope interval, not a certified occupancy interval. Later amendments and capacity histories need full audit. CGU is presidential minister-chief office under pre-May2016 structure, not ordinary ministry.",2015-01-01,2026-03-20,not_certified
OFFINV-004,office-121c12a15312,dilma_2,Gabinete de Segurança Institucional,2015-01-01,2015-10-05,other_minister_of_state_office,include,OFF-005;OFF-006,cargo_status_change_direct_occupancy_dates_pending,present,"Candidate legal-scope interval, not a certified occupancy interval. Later amendments and capacity histories need full audit. October2 raw transition is announcement/signature, MP cargo effectiveOctober5. Structures have separate dates.",2015-01-01,2026-03-20,not_certified
OFFINV-005,office-f129e4c84ca3,dilma_2,"Ministério da Agricultura, Pecuária e Abastecimento",2015-01-01,2016-05-12,ordinary_ministry,include,OFF-004,status_candidate_historical_legal_version_check_pending,present,"Candidate legal-scope interval, not a certified occupancy interval. Later amendments and capacity histories need full audit.",2015-01-01,2026-03-20,not_certified
OFFINV-006,office-04835c9d574c,dilma_2,"Ministério da Ciência, Tecnologia e Inovação",2015-01-01,2016-05-12,ordinary_ministry,include,OFF-004,status_candidate_historical_legal_version_check_pending,present,"Candidate legal-scope interval, not a certified occupancy interval. Later amendments and capacity histories need full audit.",2015-01-01,2026-03-20,not_certified
OFFINV-007,office-56f843351178,dilma_2,Ministério da Cultura,2015-01-01,2016-05-12,ordinary_ministry,include,OFF-004,status_candidate_historical_legal_version_check_pending,present,"Candidate legal-scope interval, not a certified occupancy interval. Later amendments and capacity histories need full audit.",2015-01-01,2026-03-20,not_certified
OFFINV-008,office-a052e9465bd3,dilma_2,Ministério da Defesa,2015-01-01,2016-05-12,ordinary_ministry,include,OFF-004,status_candidate_historical_legal_version_check_pending,present,"Candidate legal-scope interval, not a certified occupancy interval. Later amendments and capacity histories need full audit.",2015-01-01,2026-03-20,not_certified
OFFINV-009,office-c4b9396bbbd3,dilma_2,Ministério da Educação,2015-01-01,2016-05-12,ordinary_ministry,include,OFF-004,status_candidate_historical_legal_version_check_pending,present,"Candidate legal-scope interval, not a certified occupancy interval. Later amendments and capacity histories need full audit.",2015-01-01,2026-03-20,not_certified
OFFINV-010,office-3a38f7043e4b,dilma_2,Ministério da Fazenda,2015-01-01,2016-05-12,ordinary_ministry,include,OFF-004,status_candidate_historical_legal_version_check_pending,present,"Candidate legal-scope interval, not a certified occupancy interval. Later amendments and capacity histories need full audit.",2015-01-01,2026-03-20,not_certified
OFFINV-011,office-90770092b2a1,dilma_2,Ministério da Integração Nacional,2015-01-01,2016-05-12,ordinary_ministry,include,OFF-004,status_candidate_historical_legal_version_check_pending,present,"Candidate legal-scope interval, not a certified occupancy interval. Later amendments and capacity histories need full audit.",2015-01-01,2026-03-20,not_certified
OFFINV-012,office-ba1811a45370,dilma_2,Ministério da Justiça,2015-01-01,2016-05-12,ordinary_ministry,include,OFF-004,status_candidate_historical_legal_version_check_pending,present,"Candidate legal-scope interval, not a certified occupancy interval. Later amendments and capacity histories need full audit.",2015-01-01,2026-03-20,not_certified
OFFINV-013,office-caf4cbe19b55,dilma_2,Ministério da Pesca e Aquicultura,2015-01-01,2015-10-05,ordinary_ministry,include,OFF-005;OFF-006,cargo_status_change_direct_occupancy_dates_pending,present,"Candidate legal-scope interval, not a certified occupancy interval. Later amendments and capacity histories need full audit. October2 raw transition is announcement/signature, MP cargo effectiveOctober5. Structures have separate dates.",2015-01-01,2026-03-20,not_certified
OFFINV-014,office-586623290740,dilma_2,Ministério da Previdência Social,2015-01-01,2015-10-05,ordinary_ministry,include,OFF-005;OFF-006,cargo_status_change_direct_occupancy_dates_pending,present,"Candidate legal-scope interval, not a certified occupancy interval. Later amendments and capacity histories need full audit. October2 raw transition is announcement/signature, MP cargo effectiveOctober5. Structures have separate dates.",2015-01-01,2026-03-20,not_certified
OFFINV-015,office-7b54eb4b1d0d,dilma_2,Ministério da Saúde,2015-01-01,2016-05-12,ordinary_ministry,include,OFF-004,status_candidate_historical_legal_version_check_pending,present,"Candidate legal-scope interval, not a certified occupancy interval. Later amendments and capacity histories need full audit.",2015-01-01,2026-03-20,not_certified
OFFINV-016,office-84b16e9910ef,dilma_2,Ministério das Cidades,2015-01-01,2016-05-12,ordinary_ministry,include,OFF-004,status_candidate_historical_legal_version_check_pending,present,"Candidate legal-scope interval, not a certified occupancy interval. Later amendments and capacity histories need full audit.",2015-01-01,2026-03-20,not_certified
OFFINV-017,office-bb705e22ff95,dilma_2,Ministério das Comunicações,2015-01-01,2016-05-12,ordinary_ministry,include,OFF-004,status_candidate_historical_legal_version_check_pending,present,"Candidate legal-scope interval, not a certified occupancy interval. Later amendments and capacity histories need full audit.",2015-01-01,2026-03-20,not_certified
OFFINV-018,office-e65cb51f0cda,dilma_2,Ministério das Relações Exteriores,2015-01-01,2016-05-12,ordinary_ministry,include,OFF-004,status_candidate_historical_legal_version_check_pending,present,"Candidate legal-scope interval, not a certified occupancy interval. Later amendments and capacity histories need full audit.",2015-01-01,2026-03-20,not_certified
OFFINV-019,office-606cd4357d8f,dilma_2,Ministério de Minas e Energia,2015-01-01,2016-05-12,ordinary_ministry,include,OFF-004,status_candidate_historical_legal_version_check_pending,present,"Candidate legal-scope interval, not a certified occupancy interval. Later amendments and capacity histories need full audit.",2015-01-01,2026-03-20,not_certified
OFFINV-020,office-3236534c8fcb,dilma_2,Ministério do Desenvolvimento Agrário,2015-01-01,2016-05-12,ordinary_ministry,include,OFF-004,status_candidate_historical_legal_version_check_pending,present,"Candidate legal-scope interval, not a certified occupancy interval. Later amendments and capacity histories need full audit.",2015-01-01,2026-03-20,not_certified
OFFINV-021,office-73f75a1e9040,dilma_2,Ministério do Desenvolvimento Social e Combate à Fome,2015-01-01,2016-05-12,ordinary_ministry,include,OFF-004,status_candidate_historical_legal_version_check_pending,present,"Candidate legal-scope interval, not a certified occupancy interval. Later amendments and capacity histories need full audit.",2015-01-01,2026-03-20,not_certified
OFFINV-022,office-e855db961f3c,dilma_2,"Ministério do Desenvolvimento, Indústria e Comércio Exterior",2015-01-01,2016-05-12,ordinary_ministry,include,OFF-004,status_candidate_historical_legal_version_check_pending,present,"Candidate legal-scope interval, not a certified occupancy interval. Later amendments and capacity histories need full audit.",2015-01-01,2026-03-20,not_certified
OFFINV-023,office-29ebd5c09220,dilma_2,Ministério do Esporte,2015-01-01,2016-05-12,ordinary_ministry,include,OFF-004,status_candidate_historical_legal_version_check_pending,present,"Candidate legal-scope interval, not a certified occupancy interval. Later amendments and capacity histories need full audit.",2015-01-01,2026-03-20,not_certified
OFFINV-024,office-0b0f7699e112,dilma_2,Ministério do Meio Ambiente,2015-01-01,2016-05-12,ordinary_ministry,include,OFF-004,status_candidate_historical_legal_version_check_pending,present,"Candidate legal-scope interval, not a certified occupancy interval. Later amendments and capacity histories need full audit.",2015-01-01,2026-03-20,not_certified
OFFINV-025,office-d36a066c6a20,dilma_2,"Ministério do Planejamento, Orçamento e Gestão",2015-01-01,2016-05-12,ordinary_ministry,include,OFF-004,status_candidate_historical_legal_version_check_pending,present,"Candidate legal-scope interval, not a certified occupancy interval. Later amendments and capacity histories need full audit.",2015-01-01,2026-03-20,not_certified
OFFINV-026,office-d2224c24789f,dilma_2,Ministério do Trabalho e Emprego,2015-01-01,2015-10-05,ordinary_ministry,include,OFF-005;OFF-006,cargo_status_change_direct_occupancy_dates_pending,present,"Candidate legal-scope interval, not a certified occupancy interval. Later amendments and capacity histories need full audit. October2 raw transition is announcement/signature, MP cargo effectiveOctober5. Structures have separate dates.",2015-01-01,2026-03-20,not_certified
OFFINV-027,office-92648a673b31,dilma_2,Ministério do Turismo,2015-01-01,2016-05-12,ordinary_ministry,include,OFF-004,status_candidate_historical_legal_version_check_pending,present,"Candidate legal-scope interval, not a certified occupancy interval. Later amendments and capacity histories need full audit.",2015-01-01,2026-03-20,not_certified
OFFINV-028,office-3b43cc00f8ad,dilma_2,Ministério dos Transportes,2015-01-01,2016-05-12,ordinary_ministry,include,OFF-004,status_candidate_historical_legal_version_check_pending,present,"Candidate legal-scope interval, not a certified occupancy interval. Later amendments and capacity histories need full audit.",2015-01-01,2026-03-20,not_certified
OFFINV-029,office-fc35398e0e7e,dilma_2,Presidente do Banco Central do Brasil,2015-01-01,2016-05-12,other_minister_of_state_office,include,OFF-004,status_candidate_historical_legal_version_check_pending,present,"Candidate legal-scope interval, not a certified occupancy interval. Later amendments and capacity histories need full audit.",2015-01-01,2026-03-20,not_certified
OFFINV-030,office-fba72858dd8b,dilma_2,Secretaria Nacional dos Portos,2015-01-01,2016-05-12,other_minister_of_state_office,include,OFF-004,status_candidate_historical_legal_version_check_pending,present,"Candidate legal-scope interval, not a certified occupancy interval. Later amendments and capacity histories need full audit.",2015-01-01,2026-03-20,not_certified
OFFINV-031,office-f807875709f8,dilma_2,Secretaria da Micro e Pequena Empresa,2015-01-01,2015-10-05,other_minister_of_state_office,include,OFF-005;OFF-006,cargo_status_change_direct_occupancy_dates_pending,present,"Candidate legal-scope interval, not a certified occupancy interval. Later amendments and capacity histories need full audit. October2 raw transition is announcement/signature, MP cargo effectiveOctober5. Structures have separate dates.",2015-01-01,2026-03-20,not_certified
OFFINV-032,office-0712b7560528,dilma_2,Secretaria de Assuntos Estratégicos,2015-01-01,2015-10-05,other_minister_of_state_office,include,OFF-005;OFF-006,cargo_status_change_direct_occupancy_dates_pending,present,"Candidate legal-scope interval, not a certified occupancy interval. Later amendments and capacity histories need full audit. October2 raw transition is announcement/signature, MP cargo effectiveOctober5. Structures have separate dates.",2015-01-01,2026-03-20,not_certified
OFFINV-033,office-fc3409cfe846,dilma_2,Secretaria de Aviação Civil,2015-01-01,2016-05-12,other_minister_of_state_office,include,OFF-004,status_candidate_historical_legal_version_check_pending,present,"Candidate legal-scope interval, not a certified occupancy interval. Later amendments and capacity histories need full audit.",2015-01-01,2026-03-20,not_certified
OFFINV-034,office-1d8959f42b33,dilma_2,Secretaria de Comunicação Social,2015-01-01,2016-05-12,other_minister_of_state_office,include,OFF-004,status_candidate_historical_legal_version_check_pending,present,"Candidate legal-scope interval, not a certified occupancy interval. Later amendments and capacity histories need full audit.",2015-01-01,2026-03-20,not_certified
OFFINV-035,office-12710323d4fa,dilma_2,Secretaria de Direitos Humanos,2015-01-01,2015-10-05,other_minister_of_state_office,include,OFF-005;OFF-006,cargo_status_change_direct_occupancy_dates_pending,present,"Candidate legal-scope interval, not a certified occupancy interval. Later amendments and capacity histories need full audit. October2 raw transition is announcement/signature, MP cargo effectiveOctober5. Structures have separate dates.",2015-01-01,2026-03-20,not_certified
OFFINV-036,office-ec1baab4f0a4,dilma_2,Secretaria de Políticas de Promoção da Igualdade Racial,2015-01-01,2015-10-05,other_minister_of_state_office,include,OFF-005;OFF-006,cargo_status_change_direct_occupancy_dates_pending,present,"Candidate legal-scope interval, not a certified occupancy interval. Later amendments and capacity histories need full audit. October2 raw transition is announcement/signature, MP cargo effectiveOctober5. Structures have separate dates.",2015-01-01,2026-03-20,not_certified
OFFINV-037,office-f037bbe2282c,dilma_2,Secretaria de Políticas para as Mulheres,2015-01-01,2015-10-05,other_minister_of_state_office,include,OFF-005;OFF-006,cargo_status_change_direct_occupancy_dates_pending,present,"Candidate legal-scope interval, not a certified occupancy interval. Later amendments and capacity histories need full audit. October2 raw transition is announcement/signature, MP cargo effectiveOctober5. Structures have separate dates.",2015-01-01,2026-03-20,not_certified
OFFINV-038,office-e7711829b65d,dilma_2,Secretaria de Relações Institucionais,2015-01-01,2015-10-05,other_minister_of_state_office,include,OFF-005;OFF-006,cargo_status_change_direct_occupancy_dates_pending,present,"Candidate legal-scope interval, not a certified occupancy interval. Later amendments and capacity histories need full audit. October2 raw transition is announcement/signature, MP cargo effectiveOctober5. Structures have separate dates.",2015-01-01,2026-03-20,not_certified
OFFINV-039,office-d75270e151ee,dilma_2,Secretaria-Geral da Presidência,2015-01-01,2015-10-05,other_minister_of_state_office,include,OFF-005;OFF-006,cargo_status_change_direct_occupancy_dates_pending,present,"Candidate legal-scope interval, not a certified occupancy interval. Later amendments and capacity histories need full audit. October2 raw transition is announcement/signature, MP cargo effectiveOctober5. Structures have separate dates.",2015-01-01,2026-03-20,not_certified
OFFINV-040,office-ad59aaab6eed,temer,Advocacia-Geral da União,2016-05-12,2019-01-01,other_minister_of_state_office,include,OFF-012;OFF-013,status_candidate_historical_legal_version_check_pending,present,"Candidate legal-scope interval, not a certified occupancy interval. Later amendments and capacity histories need full audit.",2015-01-01,2026-03-20,not_certified
OFFINV-041,office-d519ef0d41fd,temer,"Agricultura, Pecuária e Abastecimento",2016-05-12,2019-01-01,ordinary_ministry,include,OFF-012;OFF-013,status_candidate_historical_legal_version_check_pending,present,"Candidate legal-scope interval, not a certified occupancy interval. Later amendments and capacity histories need full audit.",2015-01-01,2026-03-20,not_certified
OFFINV-042,office-fcbe1ab68a36,temer,Banco Central,2016-05-12,2019-01-01,other_minister_of_state_office,include,OFF-012;OFF-013,status_candidate_historical_legal_version_check_pending,present,"Candidate legal-scope interval, not a certified occupancy interval. Later amendments and capacity histories need full audit.",2015-01-01,2026-03-20,not_certified
OFFINV-043,office-71c76d75c4d2,temer,Casa Civil,2016-05-12,2019-01-01,other_minister_of_state_office,include,OFF-012;OFF-013,status_candidate_historical_legal_version_check_pending,present,"Candidate legal-scope interval, not a certified occupancy interval. Later amendments and capacity histories need full audit.",2015-01-01,2026-03-20,not_certified
OFFINV-044,office-1ccf43d57dbb,temer,Cidades,2016-05-12,2019-01-01,ordinary_ministry,include,OFF-012;OFF-013,status_candidate_historical_legal_version_check_pending,present,"Candidate legal-scope interval, not a certified occupancy interval. Later amendments and capacity histories need full audit.",2015-01-01,2026-03-20,not_certified
OFFINV-045,office-43d0049ca830,temer,"Ciência, Tecnologia, Inovações e Comunicações",2016-05-12,2019-01-01,ordinary_ministry,include,OFF-012;OFF-013,status_candidate_historical_legal_version_check_pending,present,"Candidate legal-scope interval, not a certified occupancy interval. Later amendments and capacity histories need full audit.",2015-01-01,2026-03-20,not_certified
OFFINV-046,office-18bde5ff6dcc,temer,Cultura,2016-05-23,2019-01-01,ordinary_ministry,include,OFF-012;OFF-013,status_candidate_historical_legal_version_check_pending,present,"Candidate legal-scope interval, not a certified occupancy interval. Later amendments and capacity histories need full audit.",2015-01-01,2026-03-20,not_certified
OFFINV-047,office-41a1b663d07e,temer,Defesa,2016-05-12,2019-01-01,ordinary_ministry,include,OFF-012;OFF-013,status_candidate_historical_legal_version_check_pending,present,"Candidate legal-scope interval, not a certified occupancy interval. Later amendments and capacity histories need full audit.",2015-01-01,2026-03-20,not_certified
OFFINV-048,office-0a92e8b4a9cb,temer,Desenvolvimento Social e Agrário,2016-05-12,2019-01-01,ordinary_ministry,include,OFF-012;OFF-013,status_candidate_historical_legal_version_check_pending,present,"Candidate legal-scope interval, not a certified occupancy interval. Later amendments and capacity histories need full audit.",2015-01-01,2026-03-20,not_certified
OFFINV-049,office-188e8a05fb82,temer,Direitos Humanos,2017-02-03,2019-01-01,ordinary_ministry,include,OFF-012;OFF-013,status_candidate_historical_legal_version_check_pending,present,"Candidate legal-scope interval, not a certified occupancy interval. Later amendments and capacity histories need full audit.",2015-01-01,2026-03-20,not_certified
OFFINV-050,office-620915ae84d6,temer,Educação,2016-05-12,2019-01-01,ordinary_ministry,include,OFF-012;OFF-013,status_candidate_historical_legal_version_check_pending,present,"Candidate legal-scope interval, not a certified occupancy interval. Later amendments and capacity histories need full audit.",2015-01-01,2026-03-20,not_certified
OFFINV-051,office-ae36ff53d975,temer,Esporte,2016-05-12,2019-01-01,ordinary_ministry,include,OFF-012;OFF-013,status_candidate_historical_legal_version_check_pending,present,"Candidate legal-scope interval, not a certified occupancy interval. Later amendments and capacity histories need full audit.",2015-01-01,2026-03-20,not_certified
OFFINV-052,office-594ad44ada4d,temer,Fazenda e Previdência Social,2016-05-12,2019-01-01,ordinary_ministry,include,OFF-012;OFF-013,status_candidate_historical_legal_version_check_pending,present,"Candidate legal-scope interval, not a certified occupancy interval. Later amendments and capacity histories need full audit.",2015-01-01,2026-03-20,not_certified
OFFINV-053,office-3c3d69880fe2,temer,"Fiscalização, Transparência e Controladoria-Geral da União",2016-05-12,2019-01-01,ordinary_ministry,include,OFF-012;OFF-013,status_candidate_historical_legal_version_check_pending,present,"Candidate legal-scope interval, not a certified occupancy interval. Later amendments and capacity histories need full audit.",2015-01-01,2026-03-20,not_certified
OFFINV-054,office-121c12a15312,temer,Gabinete de Segurança Institucional,2016-05-12,2019-01-01,other_minister_of_state_office,include,OFF-012;OFF-013,status_candidate_historical_legal_version_check_pending,present,"Candidate legal-scope interval, not a certified occupancy interval. Later amendments and capacity histories need full audit.",2015-01-01,2026-03-20,not_certified
OFFINV-055,office-b83a3b7747e7,temer,Integração Nacional,2016-05-12,2019-01-01,ordinary_ministry,include,OFF-012;OFF-013,status_candidate_historical_legal_version_check_pending,present,"Candidate legal-scope interval, not a certified occupancy interval. Later amendments and capacity histories need full audit.",2015-01-01,2026-03-20,not_certified
OFFINV-056,office-04fbeec27487,temer,Justiça,2016-05-12,2019-01-01,ordinary_ministry,include,OFF-012;OFF-013,status_candidate_historical_legal_version_check_pending,present,"Candidate legal-scope interval, not a certified occupancy interval. Later amendments and capacity histories need full audit.",2015-01-01,2026-03-20,not_certified
OFFINV-057,office-2900b2e2ba0b,temer,Meio Ambiente,2016-05-12,2019-01-01,ordinary_ministry,include,OFF-012;OFF-013,status_candidate_historical_legal_version_check_pending,present,"Candidate legal-scope interval, not a certified occupancy interval. Later amendments and capacity histories need full audit.",2015-01-01,2026-03-20,not_certified
OFFINV-058,office-526dbdd3f57b,temer,Minas e Energia,2016-05-12,2019-01-01,ordinary_ministry,include,OFF-012;OFF-013,status_candidate_historical_legal_version_check_pending,present,"Candidate legal-scope interval, not a certified occupancy interval. Later amendments and capacity histories need full audit.",2015-01-01,2026-03-20,not_certified
OFFINV-059,office-937b30005ef7,temer,"Planejamento, Orçamento e Gestão",2016-05-12,2019-01-01,ordinary_ministry,include,OFF-012;OFF-013,status_candidate_historical_legal_version_check_pending,present,"Candidate legal-scope interval, not a certified occupancy interval. Later amendments and capacity histories need full audit.",2015-01-01,2026-03-20,not_certified
OFFINV-060,office-cbf5e40472ce,temer,Relações Exteriores,2016-05-12,2019-01-01,ordinary_ministry,include,OFF-012;OFF-013,status_candidate_historical_legal_version_check_pending,present,"Candidate legal-scope interval, not a certified occupancy interval. Later amendments and capacity histories need full audit.",2015-01-01,2026-03-20,not_certified
OFFINV-061,office-521bac2c0068,temer,Saúde,2016-05-12,2019-01-01,ordinary_ministry,include,OFF-012;OFF-013,status_candidate_historical_legal_version_check_pending,present,"Candidate legal-scope interval, not a certified occupancy interval. Later amendments and capacity histories need full audit.",2015-01-01,2026-03-20,not_certified
OFFINV-062,office-884d91cad001,temer,Secretaria-Geral,2017-02-03,2019-01-01,other_minister_of_state_office,include,OFF-012;OFF-013,status_candidate_historical_legal_version_check_pending,present,"Candidate legal-scope interval, not a certified occupancy interval. Later amendments and capacity histories need full audit.",2015-01-01,2026-03-20,not_certified
OFFINV-063,office-58ed92f001a0,temer,Segurança Pública,2018-02-27,2019-01-01,ordinary_ministry,include,OFF-012;OFF-013,status_candidate_historical_legal_version_check_pending,present,"Candidate legal-scope interval, not a certified occupancy interval. Later amendments and capacity histories need full audit.",2015-01-01,2026-03-20,not_certified
OFFINV-064,office-a25fd08cc38a,temer,Trabalho,2016-05-12,2019-01-01,ordinary_ministry,include,OFF-012;OFF-013,status_candidate_historical_legal_version_check_pending,present,"Candidate legal-scope interval, not a certified occupancy interval. Later amendments and capacity histories need full audit.",2015-01-01,2026-03-20,not_certified
OFFINV-065,office-d606a573a7a6,temer,"Transportes, Portos e Aviação Civil",2016-05-12,2019-01-01,ordinary_ministry,include,OFF-012;OFF-013,status_candidate_historical_legal_version_check_pending,present,"Candidate legal-scope interval, not a certified occupancy interval. Later amendments and capacity histories need full audit.",2015-01-01,2026-03-20,not_certified
OFFINV-066,office-b0b46607d55a,temer,Turismo,2016-05-12,2019-01-01,ordinary_ministry,include,OFF-012;OFF-013,status_candidate_historical_legal_version_check_pending,present,"Candidate legal-scope interval, not a certified occupancy interval. Later amendments and capacity histories need full audit.",2015-01-01,2026-03-20,not_certified
OFFINV-067,office-ad59aaab6eed,bolsonaro,Advocacia-Geral da União,2019-01-01,2023-01-01,other_minister_of_state_office,include,OFF-019,status_candidate_historical_legal_version_check_pending,present,"Candidate legal-scope interval, not a certified occupancy interval. Later amendments and capacity histories need full audit.",2015-01-01,2026-03-20,not_certified
OFFINV-068,office-71c76d75c4d2,bolsonaro,Casa Civil,2019-01-01,2023-01-01,other_minister_of_state_office,include,OFF-019,status_candidate_historical_legal_version_check_pending,present,"Candidate legal-scope interval, not a certified occupancy interval. Later amendments and capacity histories need full audit.",2015-01-01,2026-03-20,not_certified
OFFINV-069,office-8504c8891abf,bolsonaro,Controladoria-Geral da União,2019-01-01,2023-01-01,ordinary_ministry,include,OFF-019,status_candidate_historical_legal_version_check_pending,present,"Candidate legal-scope interval, not a certified occupancy interval. Later amendments and capacity histories need full audit.",2015-01-01,2026-03-20,not_certified
OFFINV-070,office-121c12a15312,bolsonaro,Gabinete de Segurança Institucional,2019-01-01,2023-01-01,other_minister_of_state_office,include,OFF-019,status_candidate_historical_legal_version_check_pending,present,"Candidate legal-scope interval, not a certified occupancy interval. Later amendments and capacity histories need full audit.",2015-01-01,2026-03-20,not_certified
OFFINV-071,office-f129e4c84ca3,bolsonaro,"Ministério da Agricultura, Pecuária e Abastecimento",2019-01-01,2023-01-01,ordinary_ministry,include,OFF-019,status_candidate_historical_legal_version_check_pending,present,"Candidate legal-scope interval, not a certified occupancy interval. Later amendments and capacity histories need full audit.",2015-01-01,2026-03-20,not_certified
OFFINV-072,office-670ef51f36b6,bolsonaro,Ministério da Cidadania,2019-01-01,2023-01-01,ordinary_ministry,include,OFF-019,status_candidate_historical_legal_version_check_pending,present,"Candidate legal-scope interval, not a certified occupancy interval. Later amendments and capacity histories need full audit.",2015-01-01,2026-03-20,not_certified
OFFINV-073,office-00c8c7918dba,bolsonaro,"Ministério da Ciência, Tecnologia e Inovações",2019-01-01,2023-01-01,ordinary_ministry,include,OFF-019,status_candidate_historical_legal_version_check_pending,present,"Candidate legal-scope interval, not a certified occupancy interval. Later amendments and capacity histories need full audit.",2015-01-01,2026-03-20,not_certified
OFFINV-074,office-a052e9465bd3,bolsonaro,Ministério da Defesa,2019-01-01,2023-01-01,ordinary_ministry,include,OFF-019,status_candidate_historical_legal_version_check_pending,present,"Candidate legal-scope interval, not a certified occupancy interval. Later amendments and capacity histories need full audit.",2015-01-01,2026-03-20,not_certified
OFFINV-075,office-8103cbe93d75,bolsonaro,Ministério da Economia,2019-01-01,2023-01-01,ordinary_ministry,include,OFF-019,status_candidate_historical_legal_version_check_pending,present,"Candidate legal-scope interval, not a certified occupancy interval. Later amendments and capacity histories need full audit.",2015-01-01,2026-03-20,not_certified
OFFINV-076,office-c4b9396bbbd3,bolsonaro,Ministério da Educação,2019-01-01,2023-01-01,ordinary_ministry,include,OFF-019,status_candidate_historical_legal_version_check_pending,present,"Candidate legal-scope interval, not a certified occupancy interval. Later amendments and capacity histories need full audit.",2015-01-01,2026-03-20,not_certified
OFFINV-077,office-0176f8b36e2c,bolsonaro,Ministério da Infraestrutura,2019-01-01,2023-01-01,ordinary_ministry,include,OFF-019,status_candidate_historical_legal_version_check_pending,present,"Candidate legal-scope interval, not a certified occupancy interval. Later amendments and capacity histories need full audit.",2015-01-01,2026-03-20,not_certified
OFFINV-078,office-72ba9ae08918,bolsonaro,Ministério da Justiça e Segurança Pública,2019-01-01,2023-01-01,ordinary_ministry,include,OFF-019,status_candidate_historical_legal_version_check_pending,present,"Candidate legal-scope interval, not a certified occupancy interval. Later amendments and capacity histories need full audit.",2015-01-01,2026-03-20,not_certified
OFFINV-079,office-5a0cb4c36ccc,bolsonaro,"Ministério da Mulher, da Família e dos Direitos Humanos",2019-01-01,2023-01-01,ordinary_ministry,include,OFF-019,status_candidate_historical_legal_version_check_pending,present,"Candidate legal-scope interval, not a certified occupancy interval. Later amendments and capacity histories need full audit.",2015-01-01,2026-03-20,not_certified
OFFINV-080,office-7b54eb4b1d0d,bolsonaro,Ministério da Saúde,2019-01-01,2023-01-01,ordinary_ministry,include,OFF-019,status_candidate_historical_legal_version_check_pending,present,"Candidate legal-scope interval, not a certified occupancy interval. Later amendments and capacity histories need full audit.",2015-01-01,2026-03-20,not_certified
OFFINV-081,office-bb705e22ff95,bolsonaro,Ministério das Comunicações,2020-06-10,2023-01-01,ordinary_ministry,include,OFF-048,creation_direct_occupancy_dates_pending,present,"Candidate legal-scope interval, not a certified occupancy interval. Later amendments and capacity histories need full audit.",2015-01-01,2026-03-20,not_certified
OFFINV-082,office-e65cb51f0cda,bolsonaro,Ministério das Relações Exteriores,2019-01-01,2023-01-01,ordinary_ministry,include,OFF-019,status_candidate_historical_legal_version_check_pending,present,"Candidate legal-scope interval, not a certified occupancy interval. Later amendments and capacity histories need full audit.",2015-01-01,2026-03-20,not_certified
OFFINV-083,office-606cd4357d8f,bolsonaro,Ministério de Minas e Energia,2019-01-01,2023-01-01,ordinary_ministry,include,OFF-019,status_candidate_historical_legal_version_check_pending,present,"Candidate legal-scope interval, not a certified occupancy interval. Later amendments and capacity histories need full audit.",2015-01-01,2026-03-20,not_certified
OFFINV-084,office-609193b28e1f,bolsonaro,Ministério do Desenvolvimento Regional,2019-01-01,2023-01-01,ordinary_ministry,include,OFF-019,status_candidate_historical_legal_version_check_pending,present,"Candidate legal-scope interval, not a certified occupancy interval. Later amendments and capacity histories need full audit.",2015-01-01,2026-03-20,not_certified
OFFINV-085,office-0b0f7699e112,bolsonaro,Ministério do Meio Ambiente,2019-01-01,2023-01-01,ordinary_ministry,include,OFF-019,status_candidate_historical_legal_version_check_pending,present,"Candidate legal-scope interval, not a certified occupancy interval. Later amendments and capacity histories need full audit.",2015-01-01,2026-03-20,not_certified
OFFINV-086,office-92648a673b31,bolsonaro,Ministério do Turismo,2019-01-01,2023-01-01,ordinary_ministry,include,OFF-019,status_candidate_historical_legal_version_check_pending,present,"Candidate legal-scope interval, not a certified occupancy interval. Later amendments and capacity histories need full audit.",2015-01-01,2026-03-20,not_certified
OFFINV-087,office-c145fe76abf9,bolsonaro,Secretaria de Governo,2019-01-01,2023-01-01,other_minister_of_state_office,include,OFF-019,status_candidate_historical_legal_version_check_pending,present,"Candidate legal-scope interval, not a certified occupancy interval. Later amendments and capacity histories need full audit.",2015-01-01,2026-03-20,not_certified
OFFINV-088,office-54abe7d1753f,bolsonaro,Secretaria-Geral da Presidência da República,2019-01-01,2023-01-01,other_minister_of_state_office,include,OFF-019,status_candidate_historical_legal_version_check_pending,present,"Candidate legal-scope interval, not a certified occupancy interval. Later amendments and capacity histories need full audit.",2015-01-01,2026-03-20,not_certified
OFFINV-089,office-ad59aaab6eed,lula_3,Advocacia-Geral da União,2023-01-01,2026-03-20,other_minister_of_state_office,include,OFF-035,status_candidate_historical_legal_version_check_pending,present,"Candidate legal-scope interval, not a certified occupancy interval. Later amendments and capacity histories need full audit.",2015-01-01,2026-03-20,not_certified
OFFINV-090,office-1b9402588422,lula_3,Agricultura e Pecuária,2023-01-01,2026-03-20,ordinary_ministry,include,OFF-035,status_candidate_historical_legal_version_check_pending,present,"Candidate legal-scope interval, not a certified occupancy interval. Later amendments and capacity histories need full audit.",2015-01-01,2026-03-20,not_certified
OFFINV-091,office-71c76d75c4d2,lula_3,Casa Civil,2023-01-01,2026-03-20,other_minister_of_state_office,include,OFF-035,status_candidate_historical_legal_version_check_pending,present,"Candidate legal-scope interval, not a certified occupancy interval. Later amendments and capacity histories need full audit.",2015-01-01,2026-03-20,not_certified
OFFINV-092,office-1ccf43d57dbb,lula_3,Cidades,2023-01-01,2026-03-20,ordinary_ministry,include,OFF-035,status_candidate_historical_legal_version_check_pending,present,"Candidate legal-scope interval, not a certified occupancy interval. Later amendments and capacity histories need full audit.",2015-01-01,2026-03-20,not_certified
OFFINV-093,office-a97c8550f056,lula_3,"Ciência, Tecnologia e Inovação",2023-01-01,2026-03-20,ordinary_ministry,include,OFF-035,status_candidate_historical_legal_version_check_pending,present,"Candidate legal-scope interval, not a certified occupancy interval. Later amendments and capacity histories need full audit.",2015-01-01,2026-03-20,not_certified
OFFINV-094,office-dc166955bd33,lula_3,Comunicações,2023-01-01,2026-03-20,ordinary_ministry,include,OFF-035,status_candidate_historical_legal_version_check_pending,present,"Candidate legal-scope interval, not a certified occupancy interval. Later amendments and capacity histories need full audit.",2015-01-01,2026-03-20,not_certified
OFFINV-095,office-8504c8891abf,lula_3,Controladoria-Geral da União,2023-01-01,2026-03-20,ordinary_ministry,include,OFF-035,status_candidate_historical_legal_version_check_pending,present,"Candidate legal-scope interval, not a certified occupancy interval. Later amendments and capacity histories need full audit.",2015-01-01,2026-03-20,not_certified
OFFINV-096,office-18bde5ff6dcc,lula_3,Cultura,2023-01-01,2026-03-20,ordinary_ministry,include,OFF-035,status_candidate_historical_legal_version_check_pending,present,"Candidate legal-scope interval, not a certified occupancy interval. Later amendments and capacity histories need full audit.",2015-01-01,2026-03-20,not_certified
OFFINV-097,office-41a1b663d07e,lula_3,Defesa,2023-01-01,2026-03-20,ordinary_ministry,include,OFF-035,status_candidate_historical_legal_version_check_pending,present,"Candidate legal-scope interval, not a certified occupancy interval. Later amendments and capacity histories need full audit.",2015-01-01,2026-03-20,not_certified
OFFINV-098,office-447b1c92db87,lula_3,Desenvolvimento Agrário e Agricultura Familiar,2023-01-01,2026-03-20,ordinary_ministry,include,OFF-035,status_candidate_historical_legal_version_check_pending,present,"Candidate legal-scope interval, not a certified occupancy interval. Later amendments and capacity histories need full audit.",2015-01-01,2026-03-20,not_certified
OFFINV-099,office-177e7e4f420e,lula_3,"Desenvolvimento e Assistência Social, Família e Combate à Fome",2023-01-01,2026-03-20,ordinary_ministry,include,OFF-035,status_candidate_historical_legal_version_check_pending,present,"Candidate legal-scope interval, not a certified occupancy interval. Later amendments and capacity histories need full audit.",2015-01-01,2026-03-20,not_certified
OFFINV-100,office-00891aa82dfa,lula_3,"Desenvolvimento, Indústria, Comércio e Serviços",2023-01-01,2026-03-20,ordinary_ministry,include,OFF-035,status_candidate_historical_legal_version_check_pending,present,"Candidate legal-scope interval, not a certified occupancy interval. Later amendments and capacity histories need full audit.",2015-01-01,2026-03-20,not_certified
OFFINV-101,office-97a89cb3d91f,lula_3,Direitos Humanos e Cidadania,2023-01-01,2026-03-20,ordinary_ministry,include,OFF-035,status_candidate_historical_legal_version_check_pending,present,"Candidate legal-scope interval, not a certified occupancy interval. Later amendments and capacity histories need full audit.",2015-01-01,2026-03-20,not_certified
OFFINV-102,office-620915ae84d6,lula_3,Educação,2023-01-01,2026-03-20,ordinary_ministry,include,OFF-035,status_candidate_historical_legal_version_check_pending,present,"Candidate legal-scope interval, not a certified occupancy interval. Later amendments and capacity histories need full audit.",2015-01-01,2026-03-20,not_certified
OFFINV-103,office-f2f3f53cce14,lula_3,"Empreendedorismo, da Microempresa e da Empresa de Pequeno Porte",2023-09-13,2026-03-20,ordinary_ministry,include,OFF-036,creation_direct_continuity_inferred,present,"Candidate legal-scope interval, not a certified occupancy interval. Later amendments and capacity histories need full audit.",2015-01-01,2026-03-20,not_certified
OFFINV-104,office-ae36ff53d975,lula_3,Esporte,2023-01-01,2026-03-20,ordinary_ministry,include,OFF-035,status_candidate_historical_legal_version_check_pending,present,"Candidate legal-scope interval, not a certified occupancy interval. Later amendments and capacity histories need full audit.",2015-01-01,2026-03-20,not_certified
OFFINV-105,office-e957c821b451,lula_3,Fazenda,2023-01-01,2026-03-20,ordinary_ministry,include,OFF-035,status_candidate_historical_legal_version_check_pending,present,"Candidate legal-scope interval, not a certified occupancy interval. Later amendments and capacity histories need full audit.",2015-01-01,2026-03-20,not_certified
OFFINV-106,office-121c12a15312,lula_3,Gabinete de Segurança Institucional,2023-01-01,2026-03-20,other_minister_of_state_office,include,OFF-035,status_candidate_historical_legal_version_check_pending,present,"Candidate legal-scope interval, not a certified occupancy interval. Later amendments and capacity histories need full audit.",2015-01-01,2026-03-20,not_certified
OFFINV-107,office-0dce4705c846,lula_3,Gestão e da Inovação em Serviços Públicos,2023-01-01,2026-03-20,ordinary_ministry,include,OFF-035,status_candidate_historical_legal_version_check_pending,present,"Candidate legal-scope interval, not a certified occupancy interval. Later amendments and capacity histories need full audit.",2015-01-01,2026-03-20,not_certified
OFFINV-108,office-00f6daab3f5f,lula_3,Igualdade Racial,2023-01-01,2026-03-20,ordinary_ministry,include,OFF-035,status_candidate_historical_legal_version_check_pending,present,"Candidate legal-scope interval, not a certified occupancy interval. Later amendments and capacity histories need full audit.",2015-01-01,2026-03-20,not_certified
OFFINV-109,office-8ffefeffa9b4,lula_3,Integração e Desenvolvimento Regional,2023-01-01,2026-03-20,ordinary_ministry,include,OFF-035,status_candidate_historical_legal_version_check_pending,present,"Candidate legal-scope interval, not a certified occupancy interval. Later amendments and capacity histories need full audit.",2015-01-01,2026-03-20,not_certified
OFFINV-110,office-a80ce8a81b2e,lula_3,Justiça e Segurança Pública,2023-01-01,2026-03-20,ordinary_ministry,include,OFF-035,status_candidate_historical_legal_version_check_pending,present,"Candidate legal-scope interval, not a certified occupancy interval. Later amendments and capacity histories need full audit.",2015-01-01,2026-03-20,not_certified
OFFINV-111,office-d9eefe45b7d8,lula_3,Meio Ambiente e Mudança do Clima,2023-01-01,2026-03-20,ordinary_ministry,include,OFF-035,status_candidate_historical_legal_version_check_pending,present,"Candidate legal-scope interval, not a certified occupancy interval. Later amendments and capacity histories need full audit.",2015-01-01,2026-03-20,not_certified
OFFINV-112,office-526dbdd3f57b,lula_3,Minas e Energia,2023-01-01,2026-03-20,ordinary_ministry,include,OFF-035,status_candidate_historical_legal_version_check_pending,present,"Candidate legal-scope interval, not a certified occupancy interval. Later amendments and capacity histories need full audit.",2015-01-01,2026-03-20,not_certified
OFFINV-113,office-cb844b2ec4d0,lula_3,Mulheres,2023-01-01,2026-03-20,ordinary_ministry,include,OFF-035,status_candidate_historical_legal_version_check_pending,present,"Candidate legal-scope interval, not a certified occupancy interval. Later amendments and capacity histories need full audit.",2015-01-01,2026-03-20,not_certified
OFFINV-114,office-ba1bf86bd9c7,lula_3,Pesca e Aquicultura,2023-01-01,2026-03-20,ordinary_ministry,include,OFF-035,status_candidate_historical_legal_version_check_pending,present,"Candidate legal-scope interval, not a certified occupancy interval. Later amendments and capacity histories need full audit.",2015-01-01,2026-03-20,not_certified
OFFINV-115,office-8d0bb21eb87e,lula_3,Planejamento e Orçamento,2023-01-01,2026-03-20,ordinary_ministry,include,OFF-035,status_candidate_historical_legal_version_check_pending,present,"Candidate legal-scope interval, not a certified occupancy interval. Later amendments and capacity histories need full audit.",2015-01-01,2026-03-20,not_certified
OFFINV-116,office-7b0efc608851,lula_3,Portos e Aeroportos,2023-01-01,2026-03-20,ordinary_ministry,include,OFF-035,status_candidate_historical_legal_version_check_pending,present,"Candidate legal-scope interval, not a certified occupancy interval. Later amendments and capacity histories need full audit.",2015-01-01,2026-03-20,not_certified
OFFINV-117,office-6ba0370c177c,lula_3,Povos Indígenas,2023-01-01,2026-03-20,ordinary_ministry,include,OFF-035,status_candidate_historical_legal_version_check_pending,present,"Candidate legal-scope interval, not a certified occupancy interval. Later amendments and capacity histories need full audit.",2015-01-01,2026-03-20,not_certified
OFFINV-118,office-98a4a4024293,lula_3,Previdência Social,2023-01-01,2026-03-20,ordinary_ministry,include,OFF-035,status_candidate_historical_legal_version_check_pending,present,"Candidate legal-scope interval, not a certified occupancy interval. Later amendments and capacity histories need full audit.",2015-01-01,2026-03-20,not_certified
OFFINV-119,office-cbf5e40472ce,lula_3,Relações Exteriores,2023-01-01,2026-03-20,ordinary_ministry,include,OFF-035,status_candidate_historical_legal_version_check_pending,present,"Candidate legal-scope interval, not a certified occupancy interval. Later amendments and capacity histories need full audit.",2015-01-01,2026-03-20,not_certified
OFFINV-120,office-521bac2c0068,lula_3,Saúde,2023-01-01,2026-03-20,ordinary_ministry,include,OFF-035,status_candidate_historical_legal_version_check_pending,present,"Candidate legal-scope interval, not a certified occupancy interval. Later amendments and capacity histories need full audit.",2015-01-01,2026-03-20,not_certified
OFFINV-121,office-b0e9429f2c93,lula_3,Secretaria Extraordinária da Presidência da República para Apoio à Reconstrução do Rio Grande do Sul,2024-05-15,2024-09-12,other_minister_of_state_office,include,OFF-037;OFF-038;OFF-039;OFF-040,start_verified_end_provisional,present,"Candidate legal-scope interval, not a certified occupancy interval. Later amendments and capacity histories need full audit. Ministerial cargo expiry must be distinguished from titular Pimenta exit and successor subordinate office.",2015-01-01,2026-03-20,not_certified
OFFINV-122,office-1d8959f42b33,lula_3,Secretaria de Comunicação Social,2023-01-01,2026-03-20,other_minister_of_state_office,include,OFF-035,status_candidate_historical_legal_version_check_pending,present,"Candidate legal-scope interval, not a certified occupancy interval. Later amendments and capacity histories need full audit.",2015-01-01,2026-03-20,not_certified
OFFINV-123,office-e7711829b65d,lula_3,Secretaria de Relações Institucionais,2023-01-01,2026-03-20,other_minister_of_state_office,include,OFF-035,status_candidate_historical_legal_version_check_pending,present,"Candidate legal-scope interval, not a certified occupancy interval. Later amendments and capacity histories need full audit.",2015-01-01,2026-03-20,not_certified
OFFINV-124,office-54abe7d1753f,lula_3,Secretaria-Geral da Presidência da República,2023-01-01,2026-03-20,other_minister_of_state_office,include,OFF-035,status_candidate_historical_legal_version_check_pending,present,"Candidate legal-scope interval, not a certified occupancy interval. Later amendments and capacity histories need full audit.",2015-01-01,2026-03-20,not_certified
OFFINV-125,office-f02607d599d0,lula_3,Trabalho e Emprego,2023-01-01,2026-03-20,ordinary_ministry,include,OFF-035,status_candidate_historical_legal_version_check_pending,present,"Candidate legal-scope interval, not a certified occupancy interval. Later amendments and capacity histories need full audit.",2015-01-01,2026-03-20,not_certified
OFFINV-126,office-524f7ecb7b46,lula_3,Transportes,2023-01-01,2026-03-20,ordinary_ministry,include,OFF-035,status_candidate_historical_legal_version_check_pending,present,"Candidate legal-scope interval, not a certified occupancy interval. Later amendments and capacity histories need full audit.",2015-01-01,2026-03-20,not_certified
OFFINV-127,office-b0b46607d55a,lula_3,Turismo,2023-01-01,2026-03-20,ordinary_ministry,include,OFF-035,status_candidate_historical_legal_version_check_pending,present,"Candidate legal-scope interval, not a certified occupancy interval. Later amendments and capacity histories need full audit.",2015-01-01,2026-03-20,not_certified
OFFINV-128,office-a259fa958719,dilma_2,Ministério do Trabalho e Previdência Social,2015-10-05,2016-05-12,ordinary_ministry,include,OFF-005;OFF-006,cargo_transformation_direct,people_present_under_obsolete_label,"Include named legal cargo; separate name amendment Juventude2016 requires dated attribute, not new people.",2015-01-01,2026-03-20,not_certified
OFFINV-129,office-e99b7c16d86f,dilma_2,"Ministério das Mulheres, da Igualdade Racial e dos Direitos Humanos",2015-10-05,2016-05-12,ordinary_ministry,include,OFF-005;OFF-006,cargo_transformation_direct,people_present_under_obsolete_label,"Include named legal cargo; separate name amendment Juventude2016 requires dated attribute, not new people.",2015-01-01,2026-03-20,not_certified
OFFINV-130,office-c145fe76abf9,dilma_2,Secretaria de Governo,2015-10-05,2016-05-12,other_minister_of_state_office,include,OFF-005;OFF-006,cargo_transformation_direct,people_present_under_obsolete_label,"Include named legal cargo; separate name amendment Juventude2016 requires dated attribute, not new people.",2015-01-01,2026-03-20,not_certified
OFFINV-131,office-9f6e11439f85,dilma_2,Gabinete Pessoal da Presidência,2016-03-16,2016-05-12,other_minister_of_state_office,include,OFF-008;OFF-009,statutory_status_verified,omitted,Office createdMarch16; Wagner service evidencedMarch17; do not conflate office status and occupancy.,2015-01-01,2026-03-20,not_certified
OFFINV-132,office-2034d3e955a3,temer,"Ministério da Indústria, Comércio Exterior e Serviços",2016-05-12,2019-01-01,ordinary_ministry,include,OFF-012;OFF-013,legal_status_documented_occupancy_census_pending,omitted_allowlist,MDIC MarcosPereira/MarcosJorge; SEGOV Geddel/Imbassahy/Marun and unrecorded interim gaps.,2015-01-01,2026-03-20,not_certified
OFFINV-133,office-c145fe76abf9,temer,Secretaria de Governo,2016-05-12,2019-01-01,other_minister_of_state_office,include,OFF-012;OFF-013,legal_status_documented_occupancy_census_pending,omitted_allowlist,MDIC MarcosPereira/MarcosJorge; SEGOV Geddel/Imbassahy/Marun and unrecorded interim gaps.,2015-01-01,2026-03-20,not_certified
OFFINV-134,office-76179ffcb9d1,bolsonaro,Presidência do Banco Central,2019-01-01,2021-02-25,other_minister_of_state_office,include,OFF-019;OFF-020;OFF-021,status_exit_direct_occupancy_incomplete,omitted_allowlist,Ilan carryover untilFebruary28; CamposNeto thereafter; presidency retains ministerial status untilLC179 publication.,2015-01-01,2026-03-20,not_certified
OFFINV-135,office-4cbb2a30b1d3,bolsonaro,Ministério do Trabalho e Previdência,2021-07-28,2023-01-01,ordinary_ministry,include,OFF-023;OFF-024;OFF-025,statutory_status_verified,omitted_allowlist,Pinned Onyx2019 entry is impossible for ministry created2021; add Onyx and Oliveira service histories.,2015-01-01,2026-03-20,not_certified
OFFINV-136,office-c07d74eb1fc6,temer,Ministro Extraordinário de Coordenação da Transição,2018-11-05,2019-01-01,other_minister_of_state_office,include,OFF-031;OFF-032;OFF-033,legal_status_and_service_documented_end_pending,omitted_allowlist,Onyx actual Minister of State; continuity toadministration boundary provisional pending termination act.,2015-01-01,2026-03-20,not_certified
OFFINV-137,office-54951a003d7b,bolsonaro,Coordenação da Transição CETG-VII,2022-11-04,2023-01-01,excluded_nonministerial,exclude,OFF-031;OFF-034,documented_distinction_exact_appointment_act_pending,omitted_but_wikipedia_minister_heading,"Alckmin coordinate role is CETG, not Minister of State; limited TCU hierarchical equivalence does not establish cabinet status.",2015-01-01,2026-03-20,not_certified
OFFINV-138,office-76179ffcb9d1,cross_administration,Presidência do Banco Central,2021-02-25,2026-03-20,excluded_nonministerial,exclude,OFF-020,statutory_status_verified,present,Same agency continues but president no longer Minister of State.,2015-01-01,2026-03-20,not_certified
OFFINV-139,office-d96bb0df75aa,lula_3,Secretaria para Apoio à Reconstrução do RS da Casa Civil,2024-09-12,2026-03-20,excluded_nonministerial,exclude,OFF-038;OFF-039,subordinate_status_direct_later_existence_not_audited,present,"Exclusion applies whenever subordinate CCE office exists; end here is observation clipping, not claimed office survival.",2015-01-01,2026-03-20,not_certified
OFFINV-140,office-18a5667548d7,all,Presidente da República,2015-01-01,2026-03-20,excluded_role_family,exclude,OFF-004;OFF-013;OFF-019;OFF-035,operational_exclusion,present,No contribution by presidency alone.,2015-01-01,2026-03-20,not_certified
OFFINV-141,office-5a998fd2b950,all,Vice-Presidente da República,2015-01-01,2026-03-20,excluded_role_family,exclude,OFF-004;OFF-013;OFF-019;OFF-035,operational_exclusion,present,No contribution by vice-presidency alone; Alckmin2023 qualifies independently throughMDIC.,2015-01-01,2026-03-20,not_certified
OFFINV-142,office-c634e9947102,all,Secretários executivos; assessores; autarquias; comandantes militares,2015-01-01,2026-03-20,excluded_role_family,exclude,OFF-004;OFF-013;OFF-019;OFF-035,operational_exclusion,present,Excluded by underlying substantive role; independently evidenced exercise of vacant included office can qualify.,2015-01-01,2026-03-20,not_certified
